date,val,site
5/21/2025,623.67,J 17
5/21/2025,822.65,J 27
5/20/2025,47,Comal
5/20/2025,86,San Marcos
5/20/2025,624.34,J 17
5/20/2025,823.09,J 27
5/19/2025,50,Comal
5/19/2025,86,San Marcos
5/19/2025,625.1,J 17
5/19/2025,823.27,J 27
5/18/2025,50,Comal
5/18/2025,86,San Marcos
5/18/2025,625.56,J 17
5/18/2025,823.37,J 27
5/17/2025,49,Comal
5/17/2025,86,San Marcos
5/17/2025,624.99,J 17
5/17/2025,823.29,J 27
5/16/2025,51,Comal
5/16/2025,86,San Marcos
5/16/2025,625.05,J 17
5/16/2025,823.61,J 27
5/15/2025,52,Comal
5/15/2025,86,San Marcos
5/15/2025,626.04,J 17
5/15/2025,824.02,J 27
5/14/2025,56,Comal
5/14/2025,87,San Marcos
5/14/2025,626.47,J 17
5/14/2025,824.54,J 27
5/13/2025,59,Comal
5/13/2025,88,San Marcos
5/13/2025,626.78,J 17
5/13/2025,824.97,J 27
5/12/2025,62,Comal
5/12/2025,89,San Marcos
5/12/2025,628.29,J 17
5/12/2025,825.15,J 27
5/11/2025,65,Comal
5/11/2025,88,San Marcos
5/11/2025,628.72,J 17
5/11/2025,825.07,J 27
5/10/2025,68,Comal
5/10/2025,88,San Marcos
5/10/2025,628.5,J 17
5/10/2025,824.94,J 27
5/9/2025,69,Comal
5/9/2025,88,San Marcos
5/9/2025,628.28,J 17
5/9/2025,824.98,J 27
5/8/2025,70,Comal
5/8/2025,88,San Marcos
5/8/2025,628.09,J 17
5/8/2025,825.24,J 27
5/7/2025,70,Comal
5/7/2025,88,San Marcos
5/7/2025,629.18,J 17
5/7/2025,825.56,J 27
5/6/2025,71,Comal
5/6/2025,88,San Marcos
5/6/2025,629.47,J 17
5/6/2025,825.6,J 27
5/5/2025,72,Comal
5/5/2025,88,San Marcos
5/5/2025,629.23,J 17
5/5/2025,825.53,J 27
5/4/2025,73,Comal
5/4/2025,86,San Marcos
5/4/2025,629.64,J 17
5/4/2025,825.4,J 27
5/3/2025,74,Comal
5/3/2025,86,San Marcos
5/3/2025,629.52,J 17
5/3/2025,825.24,J 27
5/2/2025,75,Comal
5/2/2025,87,San Marcos
5/2/2025,629.35,J 17
5/2/2025,825.19,J 27
5/1/2025,76,Comal
5/1/2025,87,San Marcos
5/1/2025,629.1,J 17
5/1/2025,825.48,J 27
4/30/2025,75,Comal
4/30/2025,88,San Marcos
4/30/2025,629.73,J 17
4/30/2025,825.84,J 27
4/29/2025,74,Comal
4/29/2025,88,San Marcos
4/29/2025,629.66,J 17
4/29/2025,825.93,J 27
4/28/2025,75,Comal
4/28/2025,88,San Marcos
4/28/2025,630.08,J 17
4/28/2025,825.89,J 27
4/27/2025,75,Comal
4/27/2025,88,San Marcos
4/27/2025,630.57,J 17
4/27/2025,825.73,J 27
4/26/2025,76,Comal
4/26/2025,88,San Marcos
4/26/2025,630.3,J 17
4/26/2025,825.51,J 27
4/25/2025,72,Comal
4/25/2025,88,San Marcos
4/25/2025,629.94,J 17
4/25/2025,825.27,J 27
4/24/2025,69,Comal
4/24/2025,88,San Marcos
4/24/2025,629.32,J 17
4/24/2025,824.93,J 27
4/23/2025,66,Comal
4/23/2025,88,San Marcos
4/23/2025,628.39,J 17
4/23/2025,824.48,J 27
4/22/2025,61,Comal
4/22/2025,87,San Marcos
4/22/2025,627.09,J 17
4/22/2025,824.04,J 27
4/21/2025,60,Comal
4/21/2025,87,San Marcos
4/21/2025,627.38,J 17
4/21/2025,823.91,J 27
4/20/2025,57,Comal
4/20/2025,87,San Marcos
4/20/2025,626.45,J 17
4/20/2025,823.73,J 27
4/19/2025,55,Comal
4/19/2025,87,San Marcos
4/19/2025,625.37,J 17
4/19/2025,823.56,J 27
4/18/2025,55,Comal
4/18/2025,86,San Marcos
4/18/2025,625.25,J 17
4/18/2025,823.49,J 27
4/17/2025,55,Comal
4/17/2025,86,San Marcos
4/17/2025,625.71,J 17
4/17/2025,823.72,J 27
4/16/2025,625.49,J 17
4/16/2025,824.03,J 27
4/16/2025,57,Comal
4/16/2025,86,San Marcos
4/15/2025,58,Comal
4/15/2025,85,San Marcos
4/15/2025,625.38,J 17
4/15/2025,824.28,J 27
4/14/2025,65,Comal
4/14/2025,86,San Marcos
4/14/2025,626.45,J 17
4/14/2025,824.62,J 27
4/13/2025,66,Comal
4/13/2025,87,San Marcos
4/13/2025,626.88,J 17
4/13/2025,824.78,J 27
4/12/2025,68,Comal
4/12/2025,87,San Marcos
4/12/2025,627.06,J 17
4/12/2025,824.94,J 27
4/11/2025,68,Comal
4/11/2025,86,San Marcos
4/11/2025,627.2,J 17
4/11/2025,825.21,J 27
4/10/2025,71,Comal
4/10/2025,86,San Marcos
4/10/2025,627.73,J 17
4/10/2025,825.35,J 27
4/9/2025,73,Comal
4/9/2025,86,San Marcos
4/9/2025,628.31,J 17
4/9/2025,825.52,J 27
4/8/2025,75,Comal
4/8/2025,86,San Marcos
4/8/2025,628.85,J 17
4/8/2025,825.81,J 27
4/7/2025,77,Comal
4/7/2025,86,San Marcos
4/7/2025,629.6,J 17
4/7/2025,825.86,J 27
4/6/2025,79,Comal
4/6/2025,86,San Marcos
4/6/2025,629.81,J 17
4/6/2025,825.86,J 27
4/5/2025,78,Comal
4/5/2025,86,San Marcos
4/5/2025,629.44,J 17
4/5/2025,825.75,J 27
4/4/2025,77,Comal
4/4/2025,86,San Marcos
4/4/2025,629.12,J 17
4/4/2025,825.82,J 27
4/3/2025,76,Comal
4/3/2025,86,San Marcos
4/3/2025,629.62,J 17
4/3/2025,826.05,J 27
4/2/2025,74,Comal
4/2/2025,86,San Marcos
4/2/2025,629.12,J 17
4/2/2025,826.28,J 27
4/1/2025,79,Comal
4/1/2025,87,San Marcos
4/1/2025,629.62,J 17
4/1/2025,826.47,J 27
3/31/2025,76,Comal
3/31/2025,86,San Marcos
3/31/2025,629.82,J 17
3/31/2025,826.66,J 27
3/30/2025,73,Comal
3/30/2025,86,San Marcos
3/30/2025,630.25,J 17
3/30/2025,826.69,J 27
3/29/2025,71,Comal
3/29/2025,86,San Marcos
3/29/2025,629.78,J 17
3/29/2025,826.52,J 27
3/28/2025,68,Comal
3/28/2025,87,San Marcos
3/28/2025,629.15,J 17
3/28/2025,826.44,J 27
3/27/2025,66,Comal
3/27/2025,88,San Marcos
3/27/2025,627.93,J 17
3/27/2025,826.37,J 27
3/26/2025,64,Comal
3/26/2025,87,San Marcos
3/26/2025,626.29,J 17
3/26/2025,826.25,J 27
3/25/2025,62,Comal
3/25/2025,86,San Marcos
3/25/2025,626.47,J 17
3/25/2025,826.36,J 27
3/24/2025,62,Comal
3/24/2025,86,San Marcos
3/24/2025,626.79,J 17
3/24/2025,826.45,J 27
3/23/2025,62,Comal
3/23/2025,87,San Marcos
3/23/2025,626.86,J 17
3/23/2025,826.57,J 27
3/22/2025,62,Comal
3/22/2025,86,San Marcos
3/22/2025,626.28,J 17
3/22/2025,826.68,J 27
3/21/2025,64,Comal
3/21/2025,86,San Marcos
3/21/2025,626.36,J 17
3/21/2025,827.11,J 27
3/20/2025,65,Comal
3/20/2025,85,San Marcos
3/20/2025,626.67,J 17
3/20/2025,827.52,J 27
3/19/2025,67,Comal
3/19/2025,85,San Marcos
3/19/2025,627.01,J 17
3/19/2025,827.65,J 27
3/18/2025,69,Comal
3/18/2025,85,San Marcos
3/18/2025,627.24,J 17
3/18/2025,827.83,J 27
3/17/2025,70,Comal
3/17/2025,84,San Marcos
3/17/2025,627.45,J 17
3/17/2025,827.97,J 27
3/16/2025,72,Comal
3/16/2025,85,San Marcos
3/16/2025,628.34,J 17
3/16/2025,828.05,J 27
3/15/2025,73,Comal
3/15/2025,85,San Marcos
3/15/2025,628.2,J 17
3/15/2025,828.05,J 27
3/14/2025,74,Comal
3/14/2025,85,San Marcos
3/14/2025,628.2,J 17
3/14/2025,828,J 27
3/13/2025,74,Comal
3/13/2025,85,San Marcos
3/13/2025,628.45,J 17
3/13/2025,828.1,J 27
3/12/2025,74,Comal
3/12/2025,86,San Marcos
3/12/2025,628.62,J 17
3/12/2025,828.22,J 27
3/11/2025,78,Comal
3/11/2025,86,San Marcos
3/11/2025,629.35,J 17
3/11/2025,828.32,J 27
3/10/2025,80,Comal
3/10/2025,85,San Marcos
3/10/2025,629.58,J 17
3/10/2025,828.39,J 27
3/9/2025,80,Comal
3/9/2025,85,San Marcos
3/9/2025,629.78,J 17
3/9/2025,828.49,J 27
3/8/2025,82,Comal
3/8/2025,85,San Marcos
3/8/2025,629.82,J 17
3/8/2025,828.59,J 27
3/7/2025,82,Comal
3/7/2025,85,San Marcos
3/7/2025,629.67,J 17
3/7/2025,828.71,J 27
3/6/2025,83,Comal
3/6/2025,85,San Marcos
3/6/2025,630.06,J 17
3/6/2025,828.77,J 27
3/5/2025,84,Comal
3/5/2025,84,San Marcos
3/5/2025,630.24,J 17
3/5/2025,828.91,J 27
3/4/2025,84,Comal
3/4/2025,85,San Marcos
3/4/2025,630.33,J 17
3/4/2025,828.93,J 27
3/3/2025,86,Comal
3/3/2025,86,San Marcos
3/3/2025,630.42,J 17
3/3/2025,828.79,J 27
3/2/2025,87,Comal
3/2/2025,86,San Marcos
3/2/2025,630.77,J 17
3/2/2025,828.97,J 27
3/1/2025,88,Comal
3/1/2025,86,San Marcos
3/1/2025,630.78,J 17
3/1/2025,829,J 27
2/28/2025,90,Comal
2/28/2025,86,San Marcos
2/28/2025,630.63,J 17
2/28/2025,829.15,J 27
2/27/2025,91,Comal
2/27/2025,86,San Marcos
2/27/2025,630.68,J 17
2/27/2025,829.16,J 27
2/26/2025,91,Comal
2/26/2025,86,San Marcos
2/26/2025,630.93,J 17
2/26/2025,829.46,J 27
2/25/2025,91,Comal
2/25/2025,85,San Marcos
2/25/2025,631.23,J 17
2/25/2025,829.49,J 27
2/24/2025,631.42,J 17
2/24/2025,829.44,J 27
2/24/2025,90,Comal
2/24/2025,85,San Marcos
2/23/2025,88,Comal
2/23/2025,86,San Marcos
2/23/2025,631.6,J 17
2/23/2025,829.44,J 27
2/22/2025,86,Comal
2/22/2025,85,San Marcos
2/22/2025,631.25,J 17
2/22/2025,829.52,J 27
2/21/2025,85,Comal
2/21/2025,84,San Marcos
2/21/2025,630.63,J 17
2/21/2025,829.47,J 27
2/20/2025,85,Comal
2/20/2025,84,San Marcos
2/20/2025,630.52,J 17
2/20/2025,829.48,J 27
2/19/2025,84,Comal
2/19/2025,84,San Marcos
2/19/2025,630.64,J 17
2/19/2025,829.46,J 27
2/18/2025,85,Comal
2/18/2025,84,San Marcos
2/18/2025,630.97,J 17
2/18/2025,829.55,J 27
2/17/2025,85,Comal
2/17/2025,84,San Marcos
2/17/2025,631.19,J 17
2/17/2025,829.53,J 27
2/16/2025,86,Comal
2/16/2025,84,San Marcos
2/16/2025,631.27,J 17
2/16/2025,829.46,J 27
2/15/2025,87,Comal
2/15/2025,85,San Marcos
2/15/2025,631.35,J 17
2/15/2025,829.48,J 27
2/14/2025,87,Comal
2/14/2025,85,San Marcos
2/14/2025,630.68,J 17
2/14/2025,829.46,J 27
2/13/2025,86,Comal
2/13/2025,84,San Marcos
2/13/2025,630.68,J 17
2/13/2025,829.59,J 27
2/12/2025,86,Comal
2/12/2025,84,San Marcos
2/12/2025,630.82,J 17
2/12/2025,829.7,J 27
2/11/2025,85,Comal
2/11/2025,84,San Marcos
2/11/2025,630.58,J 17
2/11/2025,829.85,J 27
2/10/2025,85,Comal
2/10/2025,84,San Marcos
2/10/2025,630.66,J 17
2/10/2025,829.78,J 27
2/9/2025,84,Comal
2/9/2025,84,San Marcos
2/9/2025,630.79,J 17
2/9/2025,829.8,J 27
2/8/2025,83,Comal
2/8/2025,84,San Marcos
2/8/2025,630.71,J 17
2/8/2025,829.84,J 27
2/7/2025,83,Comal
2/7/2025,85,San Marcos
2/7/2025,630.52,J 17
2/7/2025,829.81,J 27
2/6/2025,84,Comal
2/6/2025,85,San Marcos
2/6/2025,630.63,J 17
2/6/2025,830.16,J 27
2/5/2025,630.67,J 17
2/5/2025,830.43,J 27
2/5/2025,84,Comal
2/5/2025,85,San Marcos
2/4/2025,630.84,J 17
2/4/2025,830.59,J 27
2/4/2025,84,San Marcos
2/4/2025,85,Comal
2/3/2025,631.17,J 17
2/3/2025,830.59,J 27
2/3/2025,85,San Marcos
2/3/2025,86,Comal
2/2/2025,631.71,J 17
2/2/2025,830.74,J 27
2/2/2025,85,San Marcos
2/2/2025,86,Comal
2/1/2025,631.56,J 17
2/1/2025,830.78,J 27
2/1/2025,85,San Marcos
2/1/2025,86,Comal
1/31/2025,631.51,J 17
1/31/2025,830.81,J 27
1/31/2025,85,San Marcos
1/31/2025,86,Comal
1/30/2025,631.19,J 17
1/30/2025,830.81,J 27
1/30/2025,85,San Marcos
1/30/2025,87,Comal
1/29/2025,631.08,J 17
1/29/2025,830.85,J 27
1/29/2025,85,San Marcos
1/29/2025,83,Comal
1/28/2025,630.59,J 17
1/28/2025,830.81,J 27
1/28/2025,85,San Marcos
1/28/2025,81,Comal
1/27/2025,630.28,J 17
1/27/2025,830.84,J 27
1/27/2025,84,San Marcos
1/27/2025,79,Comal
1/26/2025,630.62,J 17
1/26/2025,830.9,J 27
1/26/2025,85,San Marcos
1/26/2025,77,Comal
1/25/2025,630.43,J 17
1/25/2025,830.98,J 27
1/25/2025,85,San Marcos
1/25/2025,76,Comal
1/24/2025,629.85,J 17
1/24/2025,830.96,J 27
1/24/2025,84,San Marcos
1/24/2025,76,Comal
1/23/2025,629.33,J 17
1/23/2025,830.99,J 27
1/23/2025,83,San Marcos
1/23/2025,76,Comal
1/22/2025,629.34,J 17
1/22/2025,830.99,J 27
1/22/2025,83,San Marcos
1/22/2025,77,Comal
1/21/2025,629.34,J 17
1/21/2025,831.03,J 27
1/21/2025,83,San Marcos
1/21/2025,78,Comal
1/20/2025,629.84,J 17
1/20/2025,831.04,J 27
1/20/2025,83,San Marcos
1/20/2025,76,Comal
1/19/2025,630.1,J 17
1/19/2025,831.04,J 27
1/19/2025,83,San Marcos
1/19/2025,75,Comal
1/18/2025,630.25,J 17
1/18/2025,831.14,J 27
1/18/2025,84,San Marcos
1/18/2025,74,Comal
1/17/2025,629.78,J 17
1/17/2025,831.09,J 27
1/17/2025,84,San Marcos
1/17/2025,75,Comal
1/16/2025,629.5,J 17
1/16/2025,831.12,J 27
1/16/2025,84,San Marcos
1/16/2025,73,Comal
1/15/2025,629.67,J 17
1/15/2025,831.07,J 27
1/15/2025,84,San Marcos
1/15/2025,72,Comal
1/14/2025,629.73,J 17
1/14/2025,831.07,J 27
1/14/2025,84,San Marcos
1/14/2025,72,Comal
1/13/2025,629.74,J 17
1/13/2025,831.09,J 27
1/13/2025,84,San Marcos
1/13/2025,69,Comal
1/12/2025,630.04,J 17
1/12/2025,831.05,J 27
1/12/2025,83,San Marcos
1/12/2025,68,Comal
1/11/2025,629.63,J 17
1/11/2025,831.1,J 27
1/11/2025,83,San Marcos
1/11/2025,67,Comal
1/10/2025,628.86,J 17
1/10/2025,831.06,J 27
1/10/2025,83,San Marcos
1/10/2025,66,Comal
1/9/2025,627.87,J 17
1/9/2025,831.08,J 27
1/9/2025,82,San Marcos
1/9/2025,64,Comal
1/8/2025,627.21,J 17
1/8/2025,831,J 27
1/8/2025,82,San Marcos
1/8/2025,63,Comal
1/7/2025,626.69,J 17
1/7/2025,831.04,J 27
1/7/2025,81,San Marcos
1/7/2025,63,Comal
1/6/2025,627,J 17
1/6/2025,831.02,J 27
1/6/2025,81,San Marcos
1/6/2025,63,Comal
1/5/2025,627.56,J 17
1/5/2025,831.14,J 27
1/5/2025,81,San Marcos
1/5/2025,63,Comal
1/4/2025,627.36,J 17
1/4/2025,831.14,J 27
1/4/2025,82,San Marcos
1/4/2025,62,Comal
1/3/2025,626.97,J 17
1/3/2025,831.09,J 27
1/3/2025,82,San Marcos
1/3/2025,62,Comal
1/2/2025,627.11,J 17
1/2/2025,831.06,J 27
1/2/2025,81,San Marcos
1/2/2025,63,Comal
1/1/2025,626.97,J 17
1/1/2025,831.13,J 27
1/1/2025,81,San Marcos
1/1/2025,64,Comal
12/31/2024,627.22,J 17
12/31/2024,831.13,J 27
12/31/2024,81,San Marcos
12/31/2024,65,Comal
12/30/2024,627.78,J 17
12/30/2024,831.12,J 27
12/30/2024,82,San Marcos
12/30/2024,65,Comal
12/29/2024,627.76,J 17
12/29/2024,831.13,J 27
12/29/2024,82,San Marcos
12/29/2024,66,Comal
12/28/2024,627.74,J 17
12/28/2024,831.22,J 27
12/28/2024,83,San Marcos
12/28/2024,66,Comal
12/27/2024,627.6,J 17
12/27/2024,831.35,J 27
12/27/2024,83,San Marcos
12/27/2024,67,Comal
12/26/2024,627.96,J 17
12/26/2024,831.32,J 27
12/26/2024,84,San Marcos
12/26/2024,66,Comal
12/25/2024,627.91,J 17
12/25/2024,831.33,J 27
12/25/2024,84,San Marcos
12/25/2024,65,Comal
12/24/2024,627.28,J 17
12/24/2024,831.41,J 27
12/24/2024,84,San Marcos
12/24/2024,64,Comal
12/23/2024,627.66,J 17
12/23/2024,831.4,J 27
12/23/2024,84,San Marcos
12/23/2024,63,Comal
12/22/2024,627.7,J 17
12/22/2024,831.37,J 27
12/22/2024,84,San Marcos
12/22/2024,62,Comal
12/21/2024,627.4,J 17
12/21/2024,831.38,J 27
12/21/2024,84,San Marcos
12/21/2024,61,Comal
12/20/2024,627.17,J 17
12/20/2024,831.34,J 27
12/20/2024,84,San Marcos
12/20/2024,60,Comal
12/19/2024,626.82,J 17
12/19/2024,831.4,J 27
12/19/2024,84,San Marcos
12/19/2024,61,Comal
12/18/2024,626.98,J 17
12/18/2024,831.38,J 27
12/18/2024,85,San Marcos
12/18/2024,62,Comal
12/17/2024,627.01,J 17
12/17/2024,831.46,J 27
12/17/2024,85,San Marcos
12/17/2024,63,Comal
12/16/2024,627.19,J 17
12/16/2024,831.48,J 27
12/16/2024,85,San Marcos
12/16/2024,62,Comal
12/15/2024,627.65,J 17
12/15/2024,831.52,J 27
12/15/2024,85,San Marcos
12/15/2024,60,Comal
12/14/2024,627.02,J 17
12/14/2024,831.5,J 27
12/14/2024,85,San Marcos
12/14/2024,59,Comal
12/13/2024,626.73,J 17
12/13/2024,831.47,J 27
12/13/2024,84,San Marcos
12/13/2024,58,Comal
12/12/2024,626.54,J 17
12/12/2024,831.52,J 27
12/12/2024,84,San Marcos
12/12/2024,56,Comal
12/11/2024,626.6,J 17
12/11/2024,831.47,J 27
12/11/2024,84,San Marcos
12/11/2024,55,Comal
12/10/2024,626.21,J 17
12/10/2024,831.56,J 27
12/10/2024,84,San Marcos
12/10/2024,55,Comal
12/9/2024,626.1,J 17
12/9/2024,831.57,J 27
12/9/2024,84,San Marcos
12/9/2024,55,Comal
12/8/2024,626.61,J 17
12/8/2024,831.54,J 27
12/8/2024,84,San Marcos
12/8/2024,55,Comal
12/7/2024,626.21,J 17
12/7/2024,831.5,J 27
12/7/2024,83,San Marcos
12/7/2024,56,Comal
12/6/2024,625.89,J 17
12/6/2024,831.47,J 27
12/6/2024,83,San Marcos
12/6/2024,56,Comal
12/5/2024,625.91,J 17
12/5/2024,831.52,J 27
12/5/2024,84,San Marcos
12/5/2024,57,Comal
12/4/2024,625.94,J 17
12/4/2024,831.51,J 27
12/4/2024,84,San Marcos
12/4/2024,58,Comal
12/3/2024,626,J 17
12/3/2024,831.56,J 27
12/3/2024,83,San Marcos
12/3/2024,58,Comal
12/2/2024,627.39,J 17
12/2/2024,831.44,J 27
12/2/2024,83,San Marcos
12/2/2024,60,Comal
12/1/2024,628.11,J 17
12/1/2024,831.45,J 27
12/1/2024,83,San Marcos
12/1/2024,60,Comal
11/30/2024,627.94,J 17
11/30/2024,831.4,J 27
11/30/2024,83,San Marcos
11/30/2024,61,Comal
11/29/2024,627.73,J 17
11/29/2024,831.36,J 27
11/29/2024,82,San Marcos
11/29/2024,61,Comal
11/28/2024,627.16,J 17
11/28/2024,831.26,J 27
11/28/2024,82,San Marcos
11/28/2024,62,Comal
11/27/2024,627.46,J 17
11/27/2024,831.19,J 27
11/27/2024,81,San Marcos
11/27/2024,62,Comal
11/26/2024,627.34,J 17
11/26/2024,831.31,J 27
11/26/2024,81,San Marcos
11/26/2024,62,Comal
11/25/2024,628.31,J 17
11/25/2024,831.48,J 27
11/25/2024,80,San Marcos
11/25/2024,64,Comal
11/24/2024,628.59,J 17
11/24/2024,831.55,J 27
11/24/2024,80,San Marcos
11/24/2024,66,Comal
11/23/2024,628.59,J 17
11/23/2024,831.61,J 27
11/23/2024,80,San Marcos
11/23/2024,68,Comal
11/22/2024,628.2,J 17
11/22/2024,831.65,J 27
11/22/2024,80,San Marcos
11/22/2024,68,Comal
11/21/2024,628.19,J 17
11/21/2024,831.66,J 27
11/21/2024,80,San Marcos
11/21/2024,70,Comal
11/20/2024,628.55,J 17
11/20/2024,831.69,J 27
11/20/2024,80,San Marcos
11/20/2024,70,Comal
11/19/2024,628.92,J 17
11/19/2024,831.73,J 27
11/19/2024,80,San Marcos
11/19/2024,71,Comal
11/18/2024,629.18,J 17
11/18/2024,831.73,J 27
11/18/2024,80,San Marcos
11/18/2024,72,Comal
11/17/2024,629.2,J 17
11/17/2024,831.73,J 27
11/17/2024,81,San Marcos
11/17/2024,72,Comal
11/16/2024,628.87,J 17
11/16/2024,831.72,J 27
11/16/2024,81,San Marcos
11/16/2024,73,Comal
11/15/2024,628.48,J 17
11/15/2024,831.71,J 27
11/15/2024,81,San Marcos
11/15/2024,72,Comal
11/14/2024,628.74,J 17
11/14/2024,831.75,J 27
11/14/2024,81,San Marcos
11/14/2024,72,Comal
11/13/2024,629.08,J 17
11/13/2024,831.8,J 27
11/13/2024,81,San Marcos
11/13/2024,72,Comal
11/12/2024,629.25,J 17
11/12/2024,831.83,J 27
11/12/2024,80,San Marcos
11/12/2024,73,Comal
11/11/2024,629.76,J 17
11/11/2024,831.86,J 27
11/11/2024,81,San Marcos
11/11/2024,73,Comal
11/10/2024,630.21,J 17
11/10/2024,831.91,J 27
11/10/2024,81,San Marcos
11/10/2024,74,Comal
11/9/2024,629.88,J 17
11/9/2024,831.84,J 27
11/9/2024,82,San Marcos
11/9/2024,75,Comal
11/8/2024,629.72,J 17
11/8/2024,831.79,J 27
11/8/2024,82,San Marcos
11/8/2024,73,Comal
11/7/2024,629.54,J 17
11/7/2024,831.76,J 27
11/7/2024,81,San Marcos
11/7/2024,71,Comal
11/6/2024,629.19,J 17
11/6/2024,831.75,J 27
11/6/2024,82,San Marcos
11/6/2024,69,Comal
11/5/2024,628.54,J 17
11/5/2024,831.73,J 27
11/5/2024,84,San Marcos
11/5/2024,67,Comal
11/4/2024,627.24,J 17
11/4/2024,831.72,J 27
11/4/2024,84,San Marcos
11/4/2024,65,Comal
11/3/2024,627.74,J 17
11/3/2024,831.7,J 27
11/3/2024,86,San Marcos
11/3/2024,63,Comal
11/2/2024,627,J 17
11/2/2024,831.63,J 27
11/2/2024,88,San Marcos
11/2/2024,61,Comal
11/1/2024,626.67,J 17
11/1/2024,831.6,J 27
11/1/2024,89,San Marcos
11/1/2024,59,Comal
10/31/2024,626.26,J 17
10/31/2024,831.62,J 27
10/31/2024,91,San Marcos
10/31/2024,58,Comal
10/30/2024,626.56,J 17
10/30/2024,831.61,J 27
10/30/2024,91,San Marcos
10/30/2024,58,Comal
10/29/2024,626.51,J 17
10/29/2024,831.62,J 27
10/29/2024,91,San Marcos
10/29/2024,57,Comal
10/28/2024,626.84,J 17
10/28/2024,831.62,J 27
10/28/2024,92,San Marcos
10/28/2024,57,Comal
10/27/2024,626.95,J 17
10/27/2024,831.64,J 27
10/27/2024,91,San Marcos
10/27/2024,56,Comal
10/26/2024,626.44,J 17
10/26/2024,831.64,J 27
10/26/2024,91,San Marcos
10/26/2024,56,Comal
10/25/2024,626.23,J 17
10/25/2024,831.62,J 27
10/25/2024,91,San Marcos
10/25/2024,55,Comal
10/24/2024,626.19,J 17
10/24/2024,831.62,J 27
10/24/2024,91,San Marcos
10/24/2024,56,Comal
10/23/2024,626.09,J 17
10/23/2024,831.59,J 27
10/23/2024,91,San Marcos
10/23/2024,56,Comal
10/22/2024,625.71,J 17
10/22/2024,831.57,J 27
10/22/2024,90,San Marcos
10/22/2024,55,Comal
10/21/2024,626.34,J 17
10/21/2024,831.59,J 27
10/21/2024,90,San Marcos
10/21/2024,56,Comal
10/20/2024,627.02,J 17
10/20/2024,831.64,J 27
10/20/2024,89,San Marcos
10/20/2024,57,Comal
10/19/2024,626.65,J 17
10/19/2024,831.67,J 27
10/19/2024,89,San Marcos
10/19/2024,58,Comal
10/18/2024,626.03,J 17
10/18/2024,831.66,J 27
10/18/2024,88,San Marcos
10/18/2024,58,Comal
10/17/2024,625.8,J 17
10/17/2024,831.62,J 27
10/17/2024,87,San Marcos
10/17/2024,59,Comal
10/16/2024,626.2,J 17
10/16/2024,831.68,J 27
10/16/2024,87,San Marcos
10/16/2024,61,Comal
10/15/2024,626.82,J 17
10/15/2024,831.69,J 27
10/15/2024,86,San Marcos
10/15/2024,63,Comal
10/14/2024,628.17,J 17
10/14/2024,831.73,J 27
10/14/2024,86,San Marcos
10/14/2024,64,Comal
10/13/2024,628.59,J 17
10/13/2024,831.79,J 27
10/13/2024,86,San Marcos
10/13/2024,66,Comal
10/12/2024,628,J 17
10/12/2024,831.82,J 27
10/12/2024,85,San Marcos
10/12/2024,68,Comal
10/11/2024,627.73,J 17
10/11/2024,831.85,J 27
10/11/2024,84,San Marcos
10/11/2024,70,Comal
10/10/2024,627.59,J 17
10/10/2024,831.89,J 27
10/10/2024,84,San Marcos
10/10/2024,72,Comal
10/9/2024,83,San Marcos
10/9/2024,72,Comal
10/8/2024,628.01,J 17
10/8/2024,831.91,J 27
10/8/2024,82,San Marcos
10/8/2024,74,Comal
10/7/2024,628.76,J 17
10/7/2024,831.89,J 27
10/7/2024,84,San Marcos
10/7/2024,74,Comal
10/6/2024,629.47,J 17
10/6/2024,831.71,J 27
10/6/2024,86,San Marcos
10/6/2024,74,Comal
10/5/2024,628.83,J 17
10/5/2024,831.73,J 27
10/5/2024,86,San Marcos
10/5/2024,72,Comal
10/4/2024,628.47,J 17
10/4/2024,831.78,J 27
10/4/2024,86,San Marcos
10/4/2024,71,Comal
10/3/2024,628.34,J 17
10/3/2024,831.91,J 27
10/3/2024,86,San Marcos
10/3/2024,73,Comal
10/2/2024,628.57,J 17
10/2/2024,831.95,J 27
10/2/2024,86,San Marcos
10/2/2024,75,Comal
10/1/2024,629.04,J 17
10/1/2024,832.01,J 27
10/1/2024,86,San Marcos
10/1/2024,75,Comal
9/30/2024,629.62,J 17
9/30/2024,832.02,J 27
9/30/2024,86,San Marcos
9/30/2024,77,Comal
9/29/2024,630.05,J 17
9/29/2024,832.05,J 27
9/29/2024,86,San Marcos
9/29/2024,80,Comal
9/28/2024,629.5,J 17
9/28/2024,832.07,J 27
9/28/2024,86,San Marcos
9/28/2024,77,Comal
9/27/2024,629.13,J 17
9/27/2024,832.1,J 27
9/27/2024,85,San Marcos
9/27/2024,76,Comal
9/26/2024,629.06,J 17
9/26/2024,832.14,J 27
9/26/2024,86,San Marcos
9/26/2024,76,Comal
9/25/2024,629.2,J 17
9/25/2024,832.18,J 27
9/25/2024,86,San Marcos
9/25/2024,76,Comal
9/24/2024,629.39,J 17
9/24/2024,832.17,J 27
9/24/2024,87,San Marcos
9/24/2024,80,Comal
9/23/2024,629.43,J 17
9/23/2024,832.16,J 27
9/23/2024,87,San Marcos
9/23/2024,79,Comal
9/22/2024,629.59,J 17
9/22/2024,832.16,J 27
9/22/2024,88,San Marcos
9/22/2024,81,Comal
9/21/2024,629.01,J 17
9/21/2024,832.19,J 27
9/21/2024,88,San Marcos
9/21/2024,82,Comal
9/20/2024,628.93,J 17
9/20/2024,832.19,J 27
9/20/2024,88,San Marcos
9/20/2024,83,Comal
9/19/2024,630,J 17
9/19/2024,832,J 27
9/19/2024,88,San Marcos
9/19/2024,85,Comal
9/18/2024,631,J 17
9/18/2024,832,J 27
9/18/2024,89,San Marcos
9/18/2024,87,Comal
9/17/2024,631.22,J 17
9/17/2024,832.15,J 27
9/17/2024,96,San Marcos
9/17/2024,95,Comal
9/16/2024,632.16,J 17
9/16/2024,832.16,J 27
9/16/2024,97,San Marcos
9/16/2024,98,Comal
9/15/2024,632.64,J 17
9/15/2024,832.16,J 27
9/15/2024,99,San Marcos
9/15/2024,99,Comal
9/14/2024,631.89,J 17
9/14/2024,832.14,J 27
9/14/2024,98,San Marcos
9/14/2024,97,Comal
9/13/2024,632,J 17
9/13/2024,832.37,J 27
9/13/2024,98,San Marcos
9/13/2024,97,Comal
9/12/2024,632.22,J 17
9/12/2024,832.35,J 27
9/12/2024,98,San Marcos
9/12/2024,99,Comal
9/11/2024,632.58,J 17
9/11/2024,832.19,J 27
9/11/2024,98,San Marcos
9/11/2024,100,Comal
9/10/2024,633.1,J 17
9/10/2024,832.07,J 27
9/10/2024,98,San Marcos
9/10/2024,102,Comal
9/9/2024,633.59,J 17
9/9/2024,831.97,J 27
9/9/2024,98,San Marcos
9/9/2024,101,Comal
9/8/2024,634.17,J 17
9/8/2024,832.01,J 27
9/8/2024,98,San Marcos
9/8/2024,101,Comal
9/7/2024,633.89,J 17
9/7/2024,831.77,J 27
9/7/2024,98,San Marcos
9/7/2024,100,Comal
9/6/2024,633.4,J 17
9/6/2024,831.66,J 27
9/6/2024,98,San Marcos
9/6/2024,97,Comal
9/5/2024,632.83,J 17
9/5/2024,831.55,J 27
9/5/2024,97,San Marcos
9/5/2024,94,Comal
9/4/2024,632.71,J 17
9/4/2024,831.44,J 27
9/4/2024,96,San Marcos
9/4/2024,92,Comal
9/3/2024,631.71,J 17
9/3/2024,831.34,J 27
9/3/2024,94,San Marcos
9/3/2024,90,Comal
9/2/2024,629.95,J 17
9/2/2024,831.04,J 27
9/2/2024,93,San Marcos
9/2/2024,86,Comal
9/1/2024,629.85,J 17
9/1/2024,831.09,J 27
9/1/2024,95,San Marcos
9/1/2024,85,Comal
8/31/2024,629.28,J 17
8/31/2024,831.05,J 27
8/31/2024,94,San Marcos
8/31/2024,82,Comal
8/30/2024,628.98,J 17
8/30/2024,830.98,J 27
8/30/2024,93,San Marcos
8/30/2024,81,Comal
8/29/2024,628.81,J 17
8/29/2024,830.79,J 27
8/29/2024,93,San Marcos
8/29/2024,81,Comal
8/28/2024,628.35,J 17
8/28/2024,830.78,J 27
8/28/2024,93,San Marcos
8/28/2024,81,Comal
8/27/2024,628.02,J 17
8/27/2024,830.8,J 27
8/27/2024,93,San Marcos
8/27/2024,81,Comal
8/26/2024,628.12,J 17
8/26/2024,830.77,J 27
8/26/2024,92,San Marcos
8/26/2024,81,Comal
8/25/2024,628.43,J 17
8/25/2024,830.8,J 27
8/25/2024,94,San Marcos
8/25/2024,82,Comal
8/24/2024,628.33,J 17
8/24/2024,830.79,J 27
8/24/2024,93,San Marcos
8/24/2024,82,Comal
8/23/2024,627.81,J 17
8/23/2024,830.7,J 27
8/23/2024,93,San Marcos
8/23/2024,83,Comal
8/22/2024,628.15,J 17
8/22/2024,830.73,J 27
8/22/2024,94,San Marcos
8/22/2024,83,Comal
8/21/2024,628.53,J 17
8/21/2024,830.77,J 27
8/21/2024,94,San Marcos
8/21/2024,86,Comal
8/20/2024,628.7,J 17
8/20/2024,830.83,J 27
8/20/2024,94,San Marcos
8/20/2024,89,Comal
8/19/2024,629.44,J 17
8/19/2024,830.7,J 27
8/19/2024,98,San Marcos
8/19/2024,90,Comal
8/18/2024,630.21,J 17
8/18/2024,830.76,J 27
8/18/2024,100,San Marcos
8/18/2024,92,Comal
8/17/2024,629.88,J 17
8/17/2024,830.67,J 27
8/17/2024,102,San Marcos
8/17/2024,94,Comal
8/16/2024,629.91,J 17
8/16/2024,830.7,J 27
8/16/2024,103,San Marcos
8/16/2024,96,Comal
8/15/2024,630.13,J 17
8/15/2024,830.57,J 27
8/15/2024,105,San Marcos
8/15/2024,98,Comal
8/14/2024,630.69,J 17
8/14/2024,830.74,J 27
8/14/2024,107,San Marcos
8/14/2024,101,Comal
8/13/2024,631.19,J 17
8/13/2024,830.83,J 27
8/13/2024,107,San Marcos
8/13/2024,104,Comal
8/12/2024,632.15,J 17
8/12/2024,830.88,J 27
8/12/2024,107,San Marcos
8/12/2024,107,Comal
8/11/2024,632.97,J 17
8/11/2024,830.97,J 27
8/11/2024,106,San Marcos
8/11/2024,111,Comal
8/10/2024,632.69,J 17
8/10/2024,830.99,J 27
8/10/2024,106,San Marcos
8/10/2024,111,Comal
8/9/2024,632.48,J 17
8/9/2024,831.06,J 27
8/9/2024,105,San Marcos
8/9/2024,114,Comal
8/8/2024,632.96,J 17
8/8/2024,830.99,J 27
8/8/2024,105,San Marcos
8/8/2024,115,Comal
8/7/2024,633.19,J 17
8/7/2024,831.09,J 27
8/7/2024,105,San Marcos
8/7/2024,116,Comal
8/6/2024,633.86,J 17
8/6/2024,831.01,J 27
8/6/2024,105,San Marcos
8/6/2024,118,Comal
8/5/2024,634.97,J 17
8/5/2024,831.07,J 27
8/5/2024,106,San Marcos
8/5/2024,120,Comal
8/4/2024,635.31,J 17
8/4/2024,831.07,J 27
8/4/2024,106,San Marcos
8/4/2024,121,Comal
8/3/2024,635.35,J 17
8/3/2024,830.92,J 27
8/3/2024,106,San Marcos
8/3/2024,123,Comal
8/2/2024,635.72,J 17
8/2/2024,830.78,J 27
8/2/2024,106,San Marcos
8/2/2024,125,Comal
8/1/2024,636.16,J 17
8/1/2024,830.74,J 27
8/1/2024,105,San Marcos
8/1/2024,126,Comal
7/31/2024,636.75,J 17
7/31/2024,830.67,J 27
7/31/2024,106,San Marcos
7/31/2024,123,Comal
7/30/2024,637.33,J 17
7/30/2024,830.75,J 27
7/30/2024,107,San Marcos
7/30/2024,121,Comal
7/29/2024,637.63,J 17
7/29/2024,830.74,J 27
7/29/2024,107,San Marcos
7/29/2024,118,Comal
7/28/2024,637.32,J 17
7/28/2024,830.52,J 27
7/28/2024,108,San Marcos
7/28/2024,116,Comal
7/27/2024,636.4,J 17
7/27/2024,830.28,J 27
7/27/2024,108,San Marcos
7/27/2024,113,Comal
7/26/2024,635.74,J 17
7/26/2024,830.08,J 27
7/26/2024,107,San Marcos
7/26/2024,111,Comal
7/25/2024,635.2,J 17
7/25/2024,829.7,J 27
7/25/2024,108,San Marcos
7/25/2024,108,Comal
7/24/2024,634.4,J 17
7/24/2024,829.7,J 27
7/24/2024,113,San Marcos
7/24/2024,125,Comal
7/23/2024,632.3,J 17
7/23/2024,829.47,J 27
7/23/2024,113,San Marcos
7/23/2024,112,Comal
7/22/2024,630.52,J 17
7/22/2024,829.48,J 27
7/22/2024,112,San Marcos
7/22/2024,100,Comal
7/21/2024,630.51,J 17
7/21/2024,829.52,J 27
7/21/2024,111,San Marcos
7/21/2024,99,Comal
7/20/2024,630.13,J 17
7/20/2024,829.58,J 27
7/20/2024,110,San Marcos
7/20/2024,98,Comal
7/19/2024,629.51,J 17
7/19/2024,829.61,J 27
7/19/2024,109,San Marcos
7/19/2024,96,Comal
7/18/2024,629.44,J 17
7/18/2024,829.58,J 27
7/18/2024,107,San Marcos
7/18/2024,97,Comal
7/17/2024,629.87,J 17
7/17/2024,829.88,J 27
7/17/2024,105,San Marcos
7/17/2024,99,Comal
7/16/2024,630.05,J 17
7/16/2024,830.06,J 27
7/16/2024,106,San Marcos
7/16/2024,101,Comal
7/15/2024,630.98,J 17
7/15/2024,830.16,J 27
7/15/2024,107,San Marcos
7/15/2024,100,Comal
7/14/2024,631.05,J 17
7/14/2024,830.1,J 27
7/14/2024,107,San Marcos
7/14/2024,99,Comal
7/13/2024,630.27,J 17
7/13/2024,829.99,J 27
7/13/2024,108,San Marcos
7/13/2024,99,Comal
7/12/2024,629.2,J 17
7/12/2024,829.82,J 27
7/12/2024,107,San Marcos
7/12/2024,98,Comal
7/11/2024,629.36,J 17
7/11/2024,829.61,J 27
7/11/2024,107,San Marcos
7/11/2024,98,Comal
7/10/2024,629.19,J 17
7/10/2024,829.56,J 27
7/10/2024,107,San Marcos
7/10/2024,98,Comal
7/9/2024,628.11,J 17
7/9/2024,829.48,J 27
7/9/2024,107,San Marcos
7/9/2024,99,Comal
7/8/2024,628.97,J 17
7/8/2024,829.73,J 27
7/8/2024,108,San Marcos
7/8/2024,95,Comal
7/7/2024,629.43,J 17
7/7/2024,829.85,J 27
7/7/2024,109,San Marcos
7/7/2024,91,Comal
7/6/2024,628.44,J 17
7/6/2024,829.81,J 27
7/6/2024,109,San Marcos
7/6/2024,88,Comal
7/5/2024,627.75,J 17
7/5/2024,829.79,J 27
7/5/2024,110,San Marcos
7/5/2024,84,Comal
7/4/2024,628.08,J 17
7/4/2024,829.95,J 27
7/4/2024,110,San Marcos
7/4/2024,85,Comal
7/3/2024,628.33,J 17
7/3/2024,830.14,J 27
7/3/2024,110,San Marcos
7/3/2024,86,Comal
7/2/2024,628.76,J 17
7/2/2024,830.27,J 27
7/2/2024,110,San Marcos
7/2/2024,89,Comal
7/1/2024,629.71,J 17
7/1/2024,830.37,J 27
7/1/2024,110,San Marcos
7/1/2024,92,Comal
6/30/2024,630.28,J 17
6/30/2024,830.48,J 27
6/30/2024,111,San Marcos
6/30/2024,95,Comal
6/29/2024,630.34,J 17
6/29/2024,830.7,J 27
6/29/2024,112,San Marcos
6/29/2024,98,Comal
6/28/2024,630.73,J 17
6/28/2024,831.02,J 27
6/28/2024,111,San Marcos
6/28/2024,101,Comal
6/27/2024,631.14,J 17
6/27/2024,831.24,J 27
6/27/2024,111,San Marcos
6/27/2024,103,Comal
6/26/2024,631.83,J 17
6/26/2024,831.36,J 27
6/26/2024,111,San Marcos
6/26/2024,105,Comal
6/25/2024,632.34,J 17
6/25/2024,831.75,J 27
6/25/2024,112,San Marcos
6/25/2024,104,Comal
6/24/2024,633.54,J 17
6/24/2024,831.81,J 27
6/24/2024,112,San Marcos
6/24/2024,103,Comal
6/23/2024,634.14,J 17
6/23/2024,831.74,J 27
6/23/2024,112,San Marcos
6/23/2024,101,Comal
6/22/2024,633.72,J 17
6/22/2024,831.61,J 27
6/22/2024,111,San Marcos
6/22/2024,100,Comal
6/21/2024,632.98,J 17
6/21/2024,831.38,J 27
6/21/2024,112,San Marcos
6/21/2024,99,Comal
6/20/2024,631.79,J 17
6/20/2024,831.25,J 27
6/20/2024,112,San Marcos
6/20/2024,98,Comal
6/19/2024,630.53,J 17
6/19/2024,831.27,J 27
6/19/2024,111,San Marcos
6/19/2024,97,Comal
6/18/2024,630.11,J 17
6/18/2024,831.4,J 27
6/18/2024,110,San Marcos
6/18/2024,96,Comal
6/17/2024,630.51,J 17
6/17/2024,831.34,J 27
6/17/2024,110,San Marcos
6/17/2024,97,Comal
6/16/2024,631.11,J 17
6/16/2024,831.47,J 27
6/16/2024,112,San Marcos
6/16/2024,98,Comal
6/15/2024,630.82,J 17
6/15/2024,831.63,J 27
6/15/2024,112,San Marcos
6/15/2024,99,Comal
6/14/2024,630.71,J 17
6/14/2024,832.07,J 27
6/14/2024,111,San Marcos
6/14/2024,96,Comal
6/13/2024,630.67,J 17
6/13/2024,832.3,J 27
6/13/2024,111,San Marcos
6/13/2024,94,Comal
6/12/2024,630.1,J 17
6/12/2024,832.23,J 27
6/12/2024,111,San Marcos
6/12/2024,93,Comal
6/11/2024,629.77,J 17
6/11/2024,832.07,J 27
6/11/2024,112,San Marcos
6/11/2024,90,Comal
6/10/2024,628.79,J 17
6/10/2024,831.9,J 27
6/10/2024,112,San Marcos
6/10/2024,87,Comal
6/9/2024,627.74,J 17
6/9/2024,832.03,J 27
6/9/2024,113,San Marcos
6/9/2024,84,Comal
6/8/2024,627.62,J 17
6/8/2024,832.33,J 27
6/8/2024,113,San Marcos
6/8/2024,83,Comal
6/7/2024,627.82,J 17
6/7/2024,832.75,J 27
6/7/2024,111,San Marcos
6/7/2024,85,Comal
6/6/2024,628.36,J 17
6/6/2024,833.11,J 27
6/6/2024,112,San Marcos
6/6/2024,87,Comal
6/5/2024,628.76,J 17
6/5/2024,833.4,J 27
6/5/2024,111,San Marcos
6/5/2024,89,Comal
6/4/2024,629.5,J 17
6/4/2024,833.63,J 27
6/4/2024,112,San Marcos
6/4/2024,88,Comal
6/3/2024,630.75,J 17
6/3/2024,833.76,J 27
6/3/2024,114,San Marcos
6/3/2024,90,Comal
6/2/2024,631.51,J 17
6/2/2024,834.04,J 27
6/2/2024,114,San Marcos
6/2/2024,91,Comal
6/1/2024,631.22,J 17
6/1/2024,834.27,J 27
6/1/2024,114,San Marcos
6/1/2024,97,Comal
5/31/2024,630.7,J 17
5/31/2024,834.46,J 27
5/31/2024,114,San Marcos
5/31/2024,94,Comal
5/30/2024,631.11,J 17
5/30/2024,834.59,J 27
5/30/2024,115,San Marcos
5/30/2024,101,Comal
5/29/2024,631.14,J 17
5/29/2024,834.71,J 27
5/29/2024,116,San Marcos
5/29/2024,97,Comal
5/28/2024,630.59,J 17
5/28/2024,834.82,J 27
5/28/2024,118,San Marcos
5/28/2024,98,Comal
5/27/2024,631.95,J 17
5/27/2024,834.82,J 27
5/27/2024,121,San Marcos
5/27/2024,102,Comal
5/26/2024,632.03,J 17
5/26/2024,835.05,J 27
5/26/2024,123,San Marcos
5/26/2024,105,Comal
5/25/2024,632.02,J 17
5/25/2024,835.33,J 27
5/25/2024,126,San Marcos
5/25/2024,109,Comal
5/24/2024,632.03,J 17
5/24/2024,835.51,J 27
5/24/2024,128,San Marcos
5/24/2024,111,Comal
5/23/2024,632.47,J 17
5/23/2024,835.66,J 27
5/23/2024,128,San Marcos
5/23/2024,114,Comal
5/22/2024,633.29,J 17
5/22/2024,835.72,J 27
5/22/2024,129,San Marcos
5/22/2024,116,Comal
5/21/2024,634.22,J 17
5/21/2024,836.1,J 27
5/21/2024,130,San Marcos
5/21/2024,121,Comal
5/20/2024,635.3,J 17
5/20/2024,836.55,J 27
5/20/2024,127,San Marcos
5/20/2024,136,Comal
5/19/2024,636.06,J 17
5/19/2024,836.64,J 27
5/19/2024,128,San Marcos
5/19/2024,139,Comal
5/18/2024,636.6,J 17
5/18/2024,836.65,J 27
5/18/2024,130,San Marcos
5/18/2024,140,Comal
5/17/2024,636.97,J 17
5/17/2024,836.65,J 27
5/17/2024,130,San Marcos
5/17/2024,143,Comal
5/16/2024,636.94,J 17
5/16/2024,836.63,J 27
5/16/2024,130,San Marcos
5/16/2024,142,Comal
5/15/2024,637,J 17
5/15/2024,836.56,J 27
5/15/2024,131,San Marcos
5/15/2024,141,Comal
5/14/2024,636.69,J 17
5/14/2024,836.48,J 27
5/14/2024,131,San Marcos
5/14/2024,142,Comal
5/13/2024,636.78,J 17
5/13/2024,836.37,J 27
5/13/2024,132,San Marcos
5/13/2024,143,Comal
5/12/2024,637.18,J 17
5/12/2024,836.29,J 27
5/12/2024,132,San Marcos
5/12/2024,144,Comal
5/11/2024,636.96,J 17
5/11/2024,836.32,J 27
5/11/2024,131,San Marcos
5/11/2024,144,Comal
5/10/2024,637.02,J 17
5/10/2024,836.39,J 27
5/10/2024,130,San Marcos
5/10/2024,144,Comal
5/9/2024,637.54,J 17
5/9/2024,836.52,J 27
5/9/2024,130,San Marcos
5/9/2024,144,Comal
5/8/2024,638.24,J 17
5/8/2024,836.71,J 27
5/8/2024,129,San Marcos
5/8/2024,145,Comal
5/7/2024,638.82,J 17
5/7/2024,836.85,J 27
5/7/2024,128,San Marcos
5/7/2024,146,Comal
5/6/2024,639.61,J 17
5/6/2024,836.97,J 27
5/6/2024,128,San Marcos
5/6/2024,148,Comal
5/5/2024,639.61,J 17
5/5/2024,837.01,J 27
5/5/2024,129,San Marcos
5/5/2024,149,Comal
5/4/2024,639.23,J 17
5/4/2024,837.01,J 27
5/4/2024,130,San Marcos
5/4/2024,150,Comal
5/3/2024,639.22,J 17
5/3/2024,837.11,J 27
5/3/2024,131,San Marcos
5/3/2024,150,Comal
5/2/2024,639.2,J 17
5/2/2024,837.25,J 27
5/2/2024,131,San Marcos
5/2/2024,150,Comal
5/1/2024,639.25,J 17
5/1/2024,837.17,J 27
5/1/2024,131,San Marcos
5/1/2024,149,Comal
4/30/2024,638.94,J 17
4/30/2024,836.98,J 27
4/30/2024,127,San Marcos
4/30/2024,150,Comal
4/29/2024,639.25,J 17
4/29/2024,836.91,J 27
4/29/2024,123,San Marcos
4/29/2024,149,Comal
4/28/2024,638.6,J 17
4/28/2024,836.8,J 27
4/28/2024,120,San Marcos
4/28/2024,147,Comal
4/27/2024,637.79,J 17
4/27/2024,836.68,J 27
4/27/2024,116,San Marcos
4/27/2024,146,Comal
4/26/2024,637.96,J 17
4/26/2024,836.75,J 27
4/26/2024,117,San Marcos
4/26/2024,144,Comal
4/25/2024,637.9,J 17
4/25/2024,836.91,J 27
4/25/2024,119,San Marcos
4/25/2024,143,Comal
4/24/2024,638.31,J 17
4/24/2024,837.29,J 27
4/24/2024,120,San Marcos
4/24/2024,143,Comal
4/23/2024,638.92,J 17
4/23/2024,837.53,J 27
4/23/2024,120,San Marcos
4/23/2024,146,Comal
4/22/2024,639.34,J 17
4/22/2024,837.61,J 27
4/22/2024,120,San Marcos
4/22/2024,147,Comal
4/21/2024,639.03,J 17
4/21/2024,837.59,J 27
4/21/2024,121,San Marcos
4/21/2024,148,Comal
4/20/2024,638.03,J 17
4/20/2024,837.59,J 27
4/20/2024,122,San Marcos
4/20/2024,150,Comal
4/19/2024,637.52,J 17
4/19/2024,837.58,J 27
4/19/2024,123,San Marcos
4/19/2024,152,Comal
4/18/2024,637.88,J 17
4/18/2024,837.57,J 27
4/18/2024,123,San Marcos
4/18/2024,152,Comal
4/17/2024,638.25,J 17
4/17/2024,837.62,J 27
4/17/2024,122,San Marcos
4/17/2024,155,Comal
4/16/2024,837.82,J 27
4/16/2024,638.14,J 17
4/16/2024,122,San Marcos
4/16/2024,156,Comal
4/15/2024,838.02,J 27
4/15/2024,638.76,J 17
4/15/2024,126,San Marcos
4/15/2024,157,Comal
4/14/2024,838.11,J 27
4/14/2024,639.41,J 17
4/14/2024,126,San Marcos
4/14/2024,158,Comal
4/13/2024,838.25,J 27
4/13/2024,639.12,J 17
4/13/2024,127,San Marcos
4/13/2024,156,Comal
4/12/2024,838.42,J 27
4/12/2024,638.88,J 17
4/12/2024,126,San Marcos
4/12/2024,154,Comal
4/11/2024,838.64,J 27
4/11/2024,638.79,J 17
4/11/2024,127,San Marcos
4/11/2024,152,Comal
4/10/2024,838.95,J 27
4/10/2024,638.67,J 17
4/10/2024,128,San Marcos
4/10/2024,150,Comal
4/9/2024,839.03,J 27
4/9/2024,637.77,J 17
4/9/2024,128,San Marcos
4/9/2024,147,Comal
4/8/2024,838.94,J 27
4/8/2024,637.98,J 17
4/8/2024,129,San Marcos
4/8/2024,147,Comal
4/7/2024,839.01,J 27
4/7/2024,638.28,J 17
4/7/2024,128,San Marcos
4/7/2024,149,Comal
4/6/2024,839.24,J 27
4/6/2024,638.15,J 17
4/6/2024,128,San Marcos
4/6/2024,148,Comal
4/5/2024,839.57,J 27
4/5/2024,638.14,J 17
4/5/2024,129,San Marcos
4/5/2024,148,Comal
4/4/2024,839.66,J 27
4/4/2024,638.58,J 17
4/4/2024,129,San Marcos
4/4/2024,147,Comal
4/3/2024,839.76,J 27
4/3/2024,638.77,J 17
4/3/2024,130,San Marcos
4/3/2024,149,Comal
4/2/2024,839.85,J 27
4/2/2024,639.17,J 17
4/2/2024,130,San Marcos
4/2/2024,152,Comal
4/1/2024,839.92,J 27
4/1/2024,639.75,J 17
4/1/2024,132,San Marcos
4/1/2024,154,Comal
3/31/2024,839.95,J 27
3/31/2024,639.79,J 17
3/31/2024,132,San Marcos
3/31/2024,156,Comal
3/30/2024,839.98,J 27
3/30/2024,639.52,J 17
3/30/2024,133,San Marcos
3/30/2024,159,Comal
3/29/2024,840.08,J 27
3/29/2024,639.81,J 17
3/29/2024,133,San Marcos
3/29/2024,161,Comal
3/28/2024,840.32,J 27
3/28/2024,639.97,J 17
3/28/2024,132,San Marcos
3/28/2024,161,Comal
3/27/2024,840.67,J 27
3/27/2024,640.26,J 17
3/27/2024,132,San Marcos
3/27/2024,162,Comal
3/26/2024,840.83,J 27
3/26/2024,640.81,J 17
3/26/2024,131,San Marcos
3/26/2024,162,Comal
3/25/2024,840.82,J 27
3/25/2024,641.22,J 17
3/25/2024,131,San Marcos
3/25/2024,162,Comal
3/24/2024,840.89,J 27
3/24/2024,641.41,J 17
3/24/2024,132,San Marcos
3/24/2024,162,Comal
3/23/2024,840.97,J 27
3/23/2024,641.24,J 17
3/23/2024,132,San Marcos
3/23/2024,162,Comal
3/22/2024,840.98,J 27
3/22/2024,641.14,J 17
3/22/2024,132,San Marcos
3/22/2024,162,Comal
3/21/2024,841.06,J 27
3/21/2024,640.79,J 17
3/21/2024,132,San Marcos
3/21/2024,162,Comal
3/20/2024,841.05,J 27
3/20/2024,640.95,J 17
3/20/2024,132,San Marcos
3/20/2024,160,Comal
3/19/2024,841.01,J 27
3/19/2024,640.83,J 17
3/19/2024,132,San Marcos
3/19/2024,159,Comal
3/18/2024,840.99,J 27
3/18/2024,640.83,J 17
3/18/2024,132,San Marcos
3/18/2024,160,Comal
3/17/2024,840.98,J 27
3/17/2024,640.72,J 17
3/17/2024,138,San Marcos
3/17/2024,158,Comal
3/16/2024,840.97,J 27
3/16/2024,640.22,J 17
3/16/2024,139,San Marcos
3/16/2024,156,Comal
3/15/2024,840.99,J 27
3/15/2024,639.8,J 17
3/15/2024,143,San Marcos
3/15/2024,154,Comal
3/14/2024,841.12,J 27
3/14/2024,639.6,J 17
3/14/2024,147,San Marcos
3/14/2024,152,Comal
3/13/2024,841.37,J 27
3/13/2024,640.04,J 17
3/13/2024,151,San Marcos
3/13/2024,152,Comal
3/12/2024,841.5,J 27
3/12/2024,640.45,J 17
3/12/2024,155,San Marcos
3/12/2024,152,Comal
3/11/2024,841.56,J 27
3/11/2024,640.97,J 17
3/11/2024,159,San Marcos
3/11/2024,152,Comal
3/10/2024,841.6,J 27
3/10/2024,641.14,J 17
3/10/2024,158,San Marcos
3/10/2024,154,Comal
3/9/2024,841.63,J 27
3/9/2024,641,J 17
3/9/2024,157,San Marcos
3/9/2024,157,Comal
3/8/2024,841.72,J 27
3/8/2024,640.76,J 17
3/8/2024,156,San Marcos
3/8/2024,160,Comal
3/7/2024,841.8,J 27
3/7/2024,641.02,J 17
3/7/2024,156,San Marcos
3/7/2024,161,Comal
3/6/2024,841.88,J 27
3/6/2024,641.18,J 17
3/6/2024,155,San Marcos
3/6/2024,162,Comal
3/5/2024,841.94,J 27
3/5/2024,641.41,J 17
3/5/2024,156,San Marcos
3/5/2024,162,Comal
3/4/2024,841.98,J 27
3/4/2024,641.95,J 17
3/4/2024,158,San Marcos
3/4/2024,163,Comal
3/3/2024,842.02,J 27
3/3/2024,642.42,J 17
3/3/2024,158,San Marcos
3/3/2024,165,Comal
3/2/2024,842.08,J 27
3/2/2024,641.89,J 17
3/2/2024,159,San Marcos
3/2/2024,166,Comal
3/1/2024,842.26,J 27
3/1/2024,641.29,J 17
3/1/2024,159,San Marcos
3/1/2024,168,Comal
2/29/2024,842.25,J 27
2/29/2024,641.19,J 17
2/29/2024,157,San Marcos
2/29/2024,168,Comal
2/28/2024,842.18,J 27
2/28/2024,641.87,J 17
2/28/2024,155,San Marcos
2/28/2024,169,Comal
2/27/2024,842.21,J 27
2/27/2024,642.1,J 17
2/27/2024,156,San Marcos
2/27/2024,169,Comal
2/26/2024,842.36,J 27
2/26/2024,641.48,J 17
2/26/2024,157,San Marcos
2/26/2024,170,Comal
2/25/2024,842.32,J 27
2/25/2024,642.02,J 17
2/25/2024,160,San Marcos
2/25/2024,172,Comal
2/24/2024,842.38,J 27
2/24/2024,641.95,J 17
2/24/2024,161,San Marcos
2/24/2024,174,Comal
2/23/2024,842.46,J 27
2/23/2024,641.85,J 17
2/23/2024,163,San Marcos
2/23/2024,175,Comal
2/22/2024,842.6,J 27
2/22/2024,642.12,J 17
2/22/2024,165,San Marcos
2/22/2024,176,Comal
2/21/2024,842.66,J 27
2/21/2024,642.47,J 17
2/21/2024,166,San Marcos
2/21/2024,175,Comal
2/20/2024,842.69,J 27
2/20/2024,642.77,J 17
2/20/2024,168,San Marcos
2/20/2024,176,Comal
2/19/2024,842.72,J 27
2/19/2024,643.66,J 17
2/19/2024,169,San Marcos
2/19/2024,178,Comal
2/18/2024,842.73,J 27
2/18/2024,644.1,J 17
2/18/2024,170,San Marcos
2/18/2024,179,Comal
2/17/2024,842.75,J 27
2/17/2024,644.09,J 17
2/17/2024,171,San Marcos
2/17/2024,178,Comal
2/16/2024,842.77,J 27
2/16/2024,644.27,J 17
2/16/2024,172,San Marcos
2/16/2024,179,Comal
2/15/2024,842.76,J 27
2/15/2024,644.55,J 17
2/15/2024,173,San Marcos
2/15/2024,179,Comal
2/14/2024,842.75,J 27
2/14/2024,645.07,J 17
2/14/2024,174,San Marcos
2/14/2024,180,Comal
2/13/2024,842.75,J 27
2/13/2024,645.9,J 17
2/13/2024,174,San Marcos
2/13/2024,181,Comal
2/12/2024,842.74,J 27
2/12/2024,647.06,J 17
2/12/2024,174,San Marcos
2/12/2024,183,Comal
2/11/2024,842.77,J 27
2/11/2024,647.81,J 17
2/11/2024,175,San Marcos
2/11/2024,184,Comal
2/10/2024,842.76,J 27
2/10/2024,647.47,J 17
2/10/2024,175,San Marcos
2/10/2024,186,Comal
2/9/2024,842.77,J 27
2/9/2024,647.42,J 17
2/9/2024,175,San Marcos
2/9/2024,186,Comal
2/8/2024,842.83,J 27
2/8/2024,647.42,J 17
2/8/2024,175,San Marcos
2/8/2024,188,Comal
2/7/2024,842.86,J 27
2/7/2024,647.43,J 17
2/7/2024,174,San Marcos
2/7/2024,191,Comal
2/6/2024,842.86,J 27
2/6/2024,647.49,J 17
2/6/2024,173,San Marcos
2/6/2024,192,Comal
2/5/2024,843.02,J 27
2/5/2024,647.52,J 17
2/5/2024,171,San Marcos
2/5/2024,193,Comal
2/4/2024,843.02,J 27
2/4/2024,647.73,J 17
2/4/2024,170,San Marcos
2/4/2024,194,Comal
2/3/2024,842.91,J 27
2/3/2024,646.75,J 17
2/3/2024,170,San Marcos
2/3/2024,194,Comal
2/2/2024,842.91,J 27
2/2/2024,645.22,J 17
2/2/2024,169,San Marcos
2/2/2024,195,Comal
2/1/2024,842.91,J 27
2/1/2024,645.24,J 17
2/1/2024,165,San Marcos
2/1/2024,196,Comal
1/31/2024,842.92,J 27
1/31/2024,645.69,J 17
1/31/2024,165,San Marcos
1/31/2024,199,Comal
1/30/2024,842.9,J 27
1/30/2024,645.87,J 17
1/30/2024,163,San Marcos
1/30/2024,203,Comal
1/29/2024,843.03,J 27
1/29/2024,645.97,J 17
1/29/2024,164,San Marcos
1/29/2024,205,Comal
1/28/2024,843.02,J 27
1/28/2024,646.49,J 17
1/28/2024,164,San Marcos
1/28/2024,208,Comal
1/27/2024,842.91,J 27
1/27/2024,647.1,J 17
1/27/2024,150,San Marcos
1/27/2024,196,Comal
1/26/2024,842.94,J 27
1/26/2024,646.77,J 17
1/26/2024,129,San Marcos
1/26/2024,199,Comal
1/25/2024,842.93,J 27
1/25/2024,646.68,J 17
1/25/2024,130,San Marcos
1/25/2024,185,Comal
1/24/2024,842.95,J 27
1/24/2024,645.02,J 17
1/24/2024,129,San Marcos
1/24/2024,174,Comal
1/23/2024,842.95,J 27
1/23/2024,643.14,J 17
1/23/2024,115,San Marcos
1/23/2024,162,Comal
1/22/2024,842.95,J 27
1/22/2024,641.95,J 17
1/22/2024,102,San Marcos
1/22/2024,150,Comal
1/21/2024,842.93,J 27
1/21/2024,638.44,J 17
1/21/2024,89,San Marcos
1/21/2024,139,Comal
1/20/2024,842.9,J 27
1/20/2024,637.69,J 17
1/20/2024,88,San Marcos
1/20/2024,137,Comal
1/19/2024,842.95,J 27
1/19/2024,637.47,J 17
1/19/2024,88,San Marcos
1/19/2024,136,Comal
1/18/2024,843.09,J 27
1/18/2024,637.22,J 17
1/18/2024,88,San Marcos
1/18/2024,134,Comal
1/17/2024,843.05,J 27
1/17/2024,636.54,J 17
1/17/2024,88,San Marcos
1/17/2024,133,Comal
1/16/2024,842.97,J 27
1/16/2024,636.95,J 17
1/16/2024,88,San Marcos
1/16/2024,136,Comal
1/15/2024,843.03,J 27
1/15/2024,638.46,J 17
1/15/2024,88,San Marcos
1/15/2024,135,Comal
1/14/2024,843.08,J 27
1/14/2024,639.07,J 17
1/14/2024,89,San Marcos
1/14/2024,135,Comal
1/13/2024,843.11,J 27
1/13/2024,639.75,J 17
1/13/2024,89,San Marcos
1/13/2024,136,Comal
1/12/2024,843.18,J 27
1/12/2024,639.55,J 17
1/12/2024,89,San Marcos
1/12/2024,137,Comal
1/11/2024,843.21,J 27
1/11/2024,639.48,J 17
1/11/2024,89,San Marcos
1/11/2024,138,Comal
1/10/2024,843.22,J 27
1/10/2024,639.63,J 17
1/10/2024,89,San Marcos
1/10/2024,139,Comal
1/9/2024,843.23,J 27
1/9/2024,639.73,J 17
1/9/2024,89,San Marcos
1/9/2024,139,Comal
1/8/2024,843.26,J 27
1/8/2024,639.96,J 17
1/8/2024,89,San Marcos
1/8/2024,142,Comal
1/7/2024,843.23,J 27
1/7/2024,640.12,J 17
1/7/2024,88,San Marcos
1/7/2024,141,Comal
1/6/2024,843.24,J 27
1/6/2024,640.28,J 17
1/6/2024,88,San Marcos
1/6/2024,142,Comal
1/5/2024,843.25,J 27
1/5/2024,640.08,J 17
1/5/2024,88,San Marcos
1/5/2024,142,Comal
1/4/2024,843.23,J 27
1/4/2024,639.85,J 17
1/4/2024,87,San Marcos
1/4/2024,143,Comal
1/3/2024,87,San Marcos
1/3/2024,843.22,J 27
1/3/2024,639.82,J 17
1/3/2024,141,Comal
1/2/2024,86,San Marcos
1/2/2024,139,Comal
1/2/2024,843.23,J 27
1/2/2024,639.16,J 17
1/1/2024,85,San Marcos
1/1/2024,133,Comal
1/1/2024,843.28,J 27
1/1/2024,639.3,J 17
12/31/2023,85,San Marcos
12/31/2023,133,Comal
12/31/2023,843.3,J 27
12/31/2023,639.4,J 17
12/30/2023,85,San Marcos
12/30/2023,133,Comal
12/30/2023,843.32,J 27
12/30/2023,639.24,J 17
12/29/2023,85,San Marcos
12/29/2023,132,Comal
12/29/2023,843.36,J 27
12/29/2023,639.12,J 17
12/28/2023,85,San Marcos
12/28/2023,132,Comal
12/28/2023,843.39,J 27
12/28/2023,639.01,J 17
12/27/2023,85,San Marcos
12/27/2023,132,Comal
12/27/2023,843.41,J 27
12/27/2023,639.44,J 17
12/26/2023,85,San Marcos
12/26/2023,133,Comal
12/26/2023,843.55,J 27
12/26/2023,639.61,J 17
12/25/2023,85,San Marcos
12/25/2023,135,Comal
12/25/2023,843.55,J 27
12/25/2023,639.43,J 17
12/24/2023,85,San Marcos
12/24/2023,133,Comal
12/24/2023,843.56,J 27
12/24/2023,639.11,J 17
12/23/2023,84,San Marcos
12/23/2023,131,Comal
12/23/2023,843.53,J 27
12/23/2023,638.6,J 17
12/22/2023,84,San Marcos
12/22/2023,129,Comal
12/22/2023,843.5,J 27
12/22/2023,638.31,J 17
12/21/2023,84,San Marcos
12/21/2023,129,Comal
12/21/2023,843.39,J 27
12/21/2023,638.27,J 17
12/20/2023,84,San Marcos
12/20/2023,129,Comal
12/20/2023,843.39,J 27
12/20/2023,638.47,J 17
12/19/2023,84,San Marcos
12/19/2023,128,Comal
12/19/2023,843.4,J 27
12/19/2023,638.57,J 17
12/18/2023,84,San Marcos
12/18/2023,128,Comal
12/18/2023,843.41,J 27
12/18/2023,638.74,J 17
12/17/2023,84,San Marcos
12/17/2023,128,Comal
12/17/2023,843.42,J 27
12/17/2023,638.94,J 17
12/16/2023,84,San Marcos
12/16/2023,130,Comal
12/16/2023,843.39,J 27
12/16/2023,638.7,J 17
12/15/2023,85,San Marcos
12/15/2023,131,Comal
12/15/2023,843.37,J 27
12/15/2023,638.33,J 17
12/14/2023,85,San Marcos
12/14/2023,129,Comal
12/14/2023,843.35,J 27
12/14/2023,637.91,J 17
12/13/2023,84,San Marcos
12/13/2023,131,Comal
12/13/2023,843.33,J 27
12/13/2023,637.87,J 17
12/12/2023,84,San Marcos
12/12/2023,130,Comal
12/12/2023,843.32,J 27
12/12/2023,637.84,J 17
12/11/2023,85,San Marcos
12/11/2023,131,Comal
12/11/2023,843.33,J 27
12/11/2023,638.01,J 17
12/10/2023,130,Comal
12/10/2023,85,San Marcos
12/10/2023,843.32,J 27
12/10/2023,637.81,J 17
12/9/2023,130,Comal
12/9/2023,86,San Marcos
12/9/2023,843.38,J 27
12/9/2023,637.96,J 17
12/8/2023,130,Comal
12/8/2023,85,San Marcos
12/8/2023,843.39,J 27
12/8/2023,637.69,J 17
12/7/2023,129,Comal
12/7/2023,85,San Marcos
12/7/2023,843.39,J 27
12/7/2023,637.5,J 17
12/6/2023,129,Comal
12/6/2023,84,San Marcos
12/6/2023,843.37,J 27
12/6/2023,637.38,J 17
12/5/2023,127,Comal
12/5/2023,85,San Marcos
12/5/2023,843.37,J 27
12/5/2023,637.48,J 17
12/4/2023,126,Comal
12/4/2023,85,San Marcos
12/4/2023,843.33,J 27
12/4/2023,637.59,J 17
12/3/2023,126,Comal
12/3/2023,86,San Marcos
12/3/2023,843.41,J 27
12/3/2023,637.9,J 17
12/2/2023,126,Comal
12/2/2023,86,San Marcos
12/2/2023,843.36,J 27
12/2/2023,637.81,J 17
12/1/2023,124,Comal
12/1/2023,86,San Marcos
12/1/2023,843.48,J 27
12/1/2023,637.32,J 17
11/30/2023,122,Comal
11/30/2023,86,San Marcos
11/30/2023,843.46,J 27
11/30/2023,636.65,J 17
11/29/2023,122,Comal
11/29/2023,86,San Marcos
11/29/2023,843.43,J 27
11/29/2023,636.52,J 17
11/28/2023,122,Comal
11/28/2023,86,San Marcos
11/28/2023,843.37,J 27
11/28/2023,637.04,J 17
11/27/2023,120,Comal
11/27/2023,86,San Marcos
11/27/2023,843.36,J 27
11/27/2023,637.34,J 17
11/26/2023,119,Comal
11/26/2023,86,San Marcos
11/26/2023,843.34,J 27
11/26/2023,637.7,J 17
11/25/2023,118,Comal
11/25/2023,87,San Marcos
11/25/2023,843.22,J 27
11/25/2023,637.47,J 17
11/24/2023,117,Comal
11/24/2023,87,San Marcos
11/24/2023,843.19,J 27
11/24/2023,637.12,J 17
11/23/2023,115,Comal
11/23/2023,87,San Marcos
11/23/2023,843.16,J 27
11/23/2023,636.55,J 17
11/22/2023,115,Comal
11/22/2023,87,San Marcos
11/22/2023,843.1,J 27
11/22/2023,635.9,J 17
11/21/2023,115,Comal
11/21/2023,87,San Marcos
11/21/2023,843.05,J 27
11/21/2023,636.19,J 17
11/20/2023,115,Comal
11/20/2023,87,San Marcos
11/20/2023,843.04,J 27
11/20/2023,636.78,J 17
11/19/2023,116,Comal
11/19/2023,87,San Marcos
11/19/2023,843.01,J 27
11/19/2023,636.71,J 17
11/18/2023,116,Comal
11/18/2023,88,San Marcos
11/18/2023,842.91,J 27
11/18/2023,636.57,J 17
11/17/2023,115,Comal
11/17/2023,88,San Marcos
11/17/2023,842.84,J 27
11/17/2023,636.18,J 17
11/16/2023,114,Comal
11/16/2023,88,San Marcos
11/16/2023,842.76,J 27
11/16/2023,636.12,J 17
11/15/2023,115,Comal
11/15/2023,88,San Marcos
11/15/2023,842.67,J 27
11/15/2023,636.25,J 17
11/14/2023,114,Comal
11/14/2023,88,San Marcos
11/14/2023,842.59,J 27
11/14/2023,636.27,J 17
11/13/2023,113,Comal
11/13/2023,88,San Marcos
11/13/2023,842.48,J 27
11/13/2023,636.9,J 17
11/12/2023,113,Comal
11/12/2023,88,San Marcos
11/12/2023,842.38,J 27
11/12/2023,636.54,J 17
11/11/2023,112,Comal
11/11/2023,88,San Marcos
11/11/2023,842.27,J 27
11/11/2023,635.95,J 17
11/10/2023,114,Comal
11/10/2023,88,San Marcos
11/10/2023,842.15,J 27
11/10/2023,635.01,J 17
11/9/2023,116,Comal
11/9/2023,89,San Marcos
11/9/2023,841.99,J 27
11/9/2023,635.17,J 17
11/8/2023,117,Comal
11/8/2023,89,San Marcos
11/8/2023,841.87,J 27
11/8/2023,635.15,J 17
11/7/2023,117,Comal
11/7/2023,89,San Marcos
11/7/2023,841.77,J 27
11/7/2023,635.5,J 17
11/6/2023,118,Comal
11/6/2023,90,San Marcos
11/6/2023,841.67,J 27
11/6/2023,635.75,J 17
11/5/2023,119,Comal
11/5/2023,89,San Marcos
11/5/2023,841.54,J 27
11/5/2023,636.09,J 17
11/4/2023,119,Comal
11/4/2023,89,San Marcos
11/4/2023,841.38,J 27
11/4/2023,635.94,J 17
11/3/2023,120,Comal
11/3/2023,90,San Marcos
11/3/2023,841.23,J 27
11/3/2023,635.52,J 17
11/2/2023,120,Comal
11/2/2023,90,San Marcos
11/2/2023,841.08,J 27
11/2/2023,635.85,J 17
11/1/2023,121,Comal
11/1/2023,90,San Marcos
11/1/2023,840.92,J 27
11/1/2023,635.87,J 17
10/31/2023,116,Comal
10/31/2023,90,San Marcos
10/31/2023,840.77,J 27
10/31/2023,635.91,J 17
10/30/2023,112,Comal
10/30/2023,90,San Marcos
10/30/2023,840.6,J 27
10/30/2023,635.76,J 17
10/29/2023,108,Comal
10/29/2023,88,San Marcos
10/29/2023,840.47,J 27
10/29/2023,635.73,J 17
10/28/2023,104,Comal
10/28/2023,87,San Marcos
10/28/2023,840.35,J 27
10/28/2023,635.16,J 17
10/27/2023,100,Comal
10/27/2023,85,San Marcos
10/27/2023,840.23,J 27
10/27/2023,634.47,J 17
10/26/2023,96,Comal
10/26/2023,84,San Marcos
10/26/2023,840.21,J 27
10/26/2023,633.81,J 17
10/25/2023,93,Comal
10/25/2023,82,San Marcos
10/25/2023,840.22,J 27
10/25/2023,633.29,J 17
10/24/2023,91,Comal
10/24/2023,82,San Marcos
10/24/2023,840.23,J 27
10/24/2023,632.8,J 17
10/23/2023,90,Comal
10/23/2023,81,San Marcos
10/23/2023,840.25,J 27
10/23/2023,632.87,J 17
10/22/2023,88,Comal
10/22/2023,80,San Marcos
10/22/2023,840.29,J 27
10/22/2023,633.03,J 17
10/21/2023,87,Comal
10/21/2023,80,San Marcos
10/21/2023,840.32,J 27
10/21/2023,632.77,J 17
10/20/2023,86,Comal
10/20/2023,79,San Marcos
10/20/2023,840.38,J 27
10/20/2023,632.07,J 17
10/19/2023,87,Comal
10/19/2023,79,San Marcos
10/19/2023,840.56,J 27
10/19/2023,632.24,J 17
10/18/2023,88,Comal
10/18/2023,79,San Marcos
10/18/2023,840.56,J 27
10/18/2023,632.58,J 17
10/17/2023,88,Comal
10/17/2023,79,San Marcos
10/17/2023,840.42,J 27
10/17/2023,632.47,J 17
10/16/2023,89,Comal
10/16/2023,79,San Marcos
10/16/2023,840.55,J 27
10/16/2023,632.9,J 17
10/15/2023,89,Comal
10/15/2023,79,San Marcos
10/15/2023,840.56,J 27
10/15/2023,633.3,J 17
10/14/2023,89,Comal
10/14/2023,79,San Marcos
10/14/2023,840.54,J 27
10/14/2023,632.85,J 17
10/13/2023,89,Comal
10/13/2023,79,San Marcos
10/13/2023,840.42,J 27
10/13/2023,632.62,J 17
10/12/2023,89,Comal
10/12/2023,79,San Marcos
10/12/2023,840.42,J 27
10/12/2023,632.68,J 17
10/11/2023,88,Comal
10/11/2023,79,San Marcos
10/11/2023,840.39,J 27
10/11/2023,632.63,J 17
10/10/2023,87,Comal
10/10/2023,77,San Marcos
10/10/2023,840.54,J 27
10/10/2023,632.68,J 17
10/9/2023,85,Comal
10/9/2023,76,San Marcos
10/9/2023,840.54,J 27
10/9/2023,633.17,J 17
10/8/2023,82,Comal
10/8/2023,75,San Marcos
10/8/2023,840.51,J 27
10/8/2023,632.96,J 17
10/7/2023,80,Comal
10/7/2023,74,San Marcos
10/7/2023,840.46,J 27
10/7/2023,632.36,J 17
10/6/2023,78,Comal
10/6/2023,73,San Marcos
10/6/2023,840.27,J 27
10/6/2023,632,J 17
10/5/2023,76,Comal
10/5/2023,72,San Marcos
10/5/2023,840.26,J 27
10/5/2023,631.35,J 17
10/4/2023,75,Comal
10/4/2023,71,San Marcos
10/4/2023,840.25,J 27
10/4/2023,629.96,J 17
10/3/2023,74,Comal
10/3/2023,71,San Marcos
10/3/2023,840.28,J 27
10/3/2023,629.98,J 17
10/2/2023,74,Comal
10/2/2023,71,San Marcos
10/2/2023,840.31,J 27
10/2/2023,630.04,J 17
10/1/2023,73,Comal
10/1/2023,70,San Marcos
10/1/2023,840.32,J 27
10/1/2023,630.32,J 17
9/30/2023,72,Comal
9/30/2023,70,San Marcos
9/30/2023,840.34,J 27
9/30/2023,629.63,J 17
9/29/2023,70,Comal
9/29/2023,71,San Marcos
9/29/2023,840.36,J 27
9/29/2023,629.16,J 17
9/28/2023,72,Comal
9/28/2023,70,San Marcos
9/28/2023,840.38,J 27
9/28/2023,629.29,J 17
9/27/2023,71,Comal
9/27/2023,70,San Marcos
9/27/2023,840.4,J 27
9/27/2023,628.9,J 17
9/26/2023,71,Comal
9/26/2023,70,San Marcos
9/26/2023,840.46,J 27
9/26/2023,629.14,J 17
9/25/2023,72,Comal
9/25/2023,70,San Marcos
9/25/2023,840.51,J 27
9/25/2023,629.4,J 17
9/24/2023,72,Comal
9/24/2023,70,San Marcos
9/24/2023,840.55,J 27
9/24/2023,629.81,J 17
9/23/2023,73,Comal
9/23/2023,70,San Marcos
9/23/2023,840.57,J 27
9/23/2023,629.22,J 17
9/22/2023,73,Comal
9/22/2023,70,San Marcos
9/22/2023,840.59,J 27
9/22/2023,628.75,J 17
9/21/2023,73,Comal
9/21/2023,70,San Marcos
9/21/2023,840.64,J 27
9/21/2023,628.75,J 17
9/20/2023,73,Comal
9/20/2023,70,San Marcos
9/20/2023,840.7,J 27
9/20/2023,628.82,J 17
9/19/2023,71,Comal
9/19/2023,70,San Marcos
9/19/2023,840.75,J 27
9/19/2023,629.48,J 17
9/18/2023,70,Comal
9/18/2023,70,San Marcos
9/18/2023,840.78,J 27
9/18/2023,629.93,J 17
9/17/2023,69,Comal
9/17/2023,70,San Marcos
9/17/2023,840.89,J 27
9/17/2023,630.47,J 17
9/16/2023,67,Comal
9/16/2023,70,San Marcos
9/16/2023,840.8,J 27
9/16/2023,629.53,J 17
9/15/2023,65,Comal
9/15/2023,70,San Marcos
9/15/2023,840.76,J 27
9/15/2023,628.92,J 17
9/14/2023,66,Comal
9/14/2023,69,San Marcos
9/14/2023,840.73,J 27
9/14/2023,628.52,J 17
9/13/2023,66,Comal
9/13/2023,67,San Marcos
9/13/2023,840.69,J 27
9/13/2023,628.57,J 17
9/12/2023,67,Comal
9/12/2023,67,San Marcos
9/12/2023,840.7,J 27
9/12/2023,629.03,J 17
9/11/2023,68,Comal
9/11/2023,68,San Marcos
9/11/2023,840.75,J 27
9/11/2023,629.38,J 17
9/10/2023,68,Comal
9/10/2023,68,San Marcos
9/10/2023,840.77,J 27
9/10/2023,629.39,J 17
9/9/2023,69,Comal
9/9/2023,68,San Marcos
9/9/2023,840.8,J 27
9/9/2023,628.46,J 17
9/8/2023,69,Comal
9/8/2023,68,San Marcos
9/8/2023,840.81,J 27
9/8/2023,628.24,J 17
9/7/2023,70,Comal
9/7/2023,68,San Marcos
9/7/2023,840.85,J 27
9/7/2023,628.22,J 17
9/6/2023,71,Comal
9/6/2023,68,San Marcos
9/6/2023,840.91,J 27
9/6/2023,628.44,J 17
9/5/2023,72,Comal
9/5/2023,68,San Marcos
9/5/2023,841,J 27
9/5/2023,628.62,J 17
9/4/2023,73,Comal
9/4/2023,70,San Marcos
9/4/2023,841.06,J 27
9/4/2023,629.48,J 17
9/3/2023,73,Comal
9/3/2023,71,San Marcos
9/3/2023,841.09,J 27
9/3/2023,629.47,J 17
9/2/2023,71,Comal
9/2/2023,70,San Marcos
9/2/2023,841.13,J 27
9/2/2023,628.92,J 17
9/1/2023,68,Comal
9/1/2023,68,San Marcos
9/1/2023,841.17,J 27
9/1/2023,628.5,J 17
8/31/2023,68,Comal
8/31/2023,68,San Marcos
8/31/2023,841.22,J 27
8/31/2023,628.8,J 17
8/30/2023,68,Comal
8/30/2023,68,San Marcos
8/30/2023,841.25,J 27
8/30/2023,629.17,J 17
8/29/2023,69,Comal
8/29/2023,69,San Marcos
8/29/2023,841.34,J 27
8/29/2023,629.12,J 17
8/28/2023,73,Comal
8/28/2023,64,San Marcos
8/28/2023,841.33,J 27
8/28/2023,628.95,J 17
8/27/2023,73,Comal
8/27/2023,70,San Marcos
8/27/2023,841.19,J 27
8/27/2023,629.07,J 17
8/26/2023,70,Comal
8/26/2023,69,San Marcos
8/26/2023,841.14,J 27
8/26/2023,628.9,J 17
8/25/2023,66,Comal
8/25/2023,66,San Marcos
8/25/2023,841.06,J 27
8/25/2023,628.44,J 17
8/24/2023,65,Comal
8/24/2023,67,San Marcos
8/24/2023,840.98,J 27
8/24/2023,628.34,J 17
8/23/2023,63,Comal
8/23/2023,68,San Marcos
8/23/2023,840.88,J 27
8/23/2023,628.01,J 17
8/22/2023,63,Comal
8/22/2023,69,San Marcos
8/22/2023,840.79,J 27
8/22/2023,626.84,J 17
8/21/2023,60,Comal
8/21/2023,69,San Marcos
8/21/2023,840.8,J 27
8/21/2023,626.68,J 17
8/20/2023,58,Comal
8/20/2023,70,San Marcos
8/20/2023,840.86,J 27
8/20/2023,626.97,J 17
8/19/2023,57,Comal
8/19/2023,70,San Marcos
8/19/2023,840.84,J 27
8/19/2023,626.19,J 17
8/18/2023,55,Comal
8/18/2023,70,San Marcos
8/18/2023,840.86,J 27
8/18/2023,625.71,J 17
8/17/2023,56,Comal
8/17/2023,71,San Marcos
8/17/2023,841.01,J 27
8/17/2023,626.14,J 17
8/16/2023,57,Comal
8/16/2023,71,San Marcos
8/16/2023,841.1,J 27
8/16/2023,626.2,J 17
8/15/2023,58,Comal
8/15/2023,72,San Marcos
8/15/2023,841.2,J 27
8/15/2023,626.19,J 17
8/14/2023,60,Comal
8/14/2023,73,San Marcos
8/14/2023,841.35,J 27
8/14/2023,627.08,J 17
8/13/2023,61,Comal
8/13/2023,74,San Marcos
8/13/2023,841.48,J 27
8/13/2023,627.75,J 17
8/12/2023,62,Comal
8/12/2023,76,San Marcos
8/12/2023,841.56,J 27
8/12/2023,627.11,J 17
8/11/2023,64,Comal
8/11/2023,77,San Marcos
8/11/2023,841.62,J 27
8/11/2023,626.35,J 17
8/10/2023,65,Comal
8/10/2023,77,San Marcos
8/10/2023,841.67,J 27
8/10/2023,626.61,J 17
8/9/2023,66,Comal
8/9/2023,79,San Marcos
8/9/2023,841.71,J 27
8/9/2023,626.89,J 17
8/8/2023,67,Comal
8/8/2023,80,San Marcos
8/8/2023,841.81,J 27
8/8/2023,627.3,J 17
8/7/2023,68,Comal
8/7/2023,81,San Marcos
8/7/2023,841.88,J 27
8/7/2023,627.95,J 17
8/6/2023,76,Comal
8/6/2023,87,San Marcos
8/6/2023,841.95,J 27
8/6/2023,628.53,J 17
8/5/2023,74,Comal
8/5/2023,86,San Marcos
8/5/2023,842.01,J 27
8/5/2023,628.21,J 17
8/4/2023,71,Comal
8/4/2023,85,San Marcos
8/4/2023,842.08,J 27
8/4/2023,627.81,J 17
8/3/2023,71,Comal
8/3/2023,85,San Marcos
8/3/2023,842.12,J 27
8/3/2023,627.88,J 17
8/2/2023,70,Comal
8/2/2023,84,San Marcos
8/2/2023,842.25,J 27
8/2/2023,627.59,J 17
8/1/2023,71,Comal
8/1/2023,83,San Marcos
8/1/2023,842.33,J 27
8/1/2023,627.68,J 17
7/31/2023,72,Comal
7/31/2023,84,San Marcos
7/31/2023,842.42,J 27
7/31/2023,628.54,J 17
7/30/2023,73,Comal
7/30/2023,84,San Marcos
7/30/2023,842.47,J 27
7/30/2023,629.32,J 17
7/29/2023,74,Comal
7/29/2023,85,San Marcos
7/29/2023,842.5,J 27
7/29/2023,628.64,J 17
7/28/2023,74,Comal
7/28/2023,86,San Marcos
7/28/2023,842.62,J 27
7/28/2023,628.04,J 17
7/27/2023,75,Comal
7/27/2023,87,San Marcos
7/27/2023,842.73,J 27
7/27/2023,628.35,J 17
7/26/2023,76,Comal
7/26/2023,88,San Marcos
7/26/2023,842.76,J 27
7/26/2023,628.49,J 17
7/25/2023,77,Comal
7/25/2023,88,San Marcos
7/25/2023,842.85,J 27
7/25/2023,628.75,J 17
7/24/2023,79,Comal
7/24/2023,87,San Marcos
7/24/2023,842.92,J 27
7/24/2023,629.26,J 17
7/23/2023,80,Comal
7/23/2023,87,San Marcos
7/23/2023,842.97,J 27
7/23/2023,629.37,J 17
7/22/2023,81,Comal
7/22/2023,87,San Marcos
7/22/2023,843.01,J 27
7/22/2023,628.63,J 17
7/21/2023,80,Comal
7/21/2023,85,San Marcos
7/21/2023,843.11,J 27
7/21/2023,628.2,J 17
7/20/2023,81,Comal
7/20/2023,84,San Marcos
7/20/2023,843.26,J 27
7/20/2023,627.94,J 17
7/19/2023,85,Comal
7/19/2023,83,San Marcos
7/19/2023,843.35,J 27
7/19/2023,628.53,J 17
7/18/2023,87,Comal
7/18/2023,84,San Marcos
7/18/2023,843.41,J 27
7/18/2023,628.66,J 17
7/17/2023,90,Comal
7/17/2023,85,San Marcos
7/17/2023,843.55,J 27
7/17/2023,630.06,J 17
7/16/2023,91,Comal
7/16/2023,86,San Marcos
7/16/2023,843.62,J 27
7/16/2023,630.43,J 17
7/15/2023,93,Comal
7/15/2023,86,San Marcos
7/15/2023,843.64,J 27
7/15/2023,630.16,J 17
7/14/2023,95,Comal
7/14/2023,85,San Marcos
7/14/2023,843.74,J 27
7/14/2023,630.57,J 17
7/13/2023,99,Comal
7/13/2023,85,San Marcos
7/13/2023,843.83,J 27
7/13/2023,630.98,J 17
7/12/2023,101,Comal
7/12/2023,86,San Marcos
7/12/2023,843.9,J 27
7/12/2023,631.41,J 17
7/11/2023,104,Comal
7/11/2023,86,San Marcos
7/11/2023,843.9,J 27
7/11/2023,632.33,J 17
7/10/2023,106,Comal
7/10/2023,86,San Marcos
7/10/2023,843.92,J 27
7/10/2023,633.75,J 17
7/9/2023,108,Comal
7/9/2023,87,San Marcos
7/9/2023,843.96,J 27
7/9/2023,634.46,J 17
7/8/2023,111,Comal
7/8/2023,88,San Marcos
7/8/2023,843.99,J 27
7/8/2023,634.06,J 17
7/7/2023,113,Comal
7/7/2023,88,San Marcos
7/7/2023,844.03,J 27
7/7/2023,633.27,J 17
7/6/2023,114,Comal
7/6/2023,89,San Marcos
7/6/2023,844.04,J 27
7/6/2023,633.62,J 17
7/5/2023,116,Comal
7/5/2023,88,San Marcos
7/5/2023,844,J 27
7/5/2023,633.14,J 17
7/4/2023,117,Comal
7/4/2023,88,San Marcos
7/4/2023,843.93,J 27
7/4/2023,633.33,J 17
7/3/2023,118,Comal
7/3/2023,89,San Marcos
7/3/2023,843.82,J 27
7/3/2023,634.08,J 17
7/2/2023,118,Comal
7/2/2023,89,San Marcos
7/2/2023,843.69,J 27
7/2/2023,633.99,J 17
7/1/2023,119,Comal
7/1/2023,89,San Marcos
7/1/2023,843.57,J 27
7/1/2023,633.36,J 17
6/30/2023,122,Comal
6/30/2023,89,San Marcos
6/30/2023,843.58,J 27
6/30/2023,632.98,J 17
6/29/2023,125,Comal
6/29/2023,88,San Marcos
6/29/2023,843.65,J 27
6/29/2023,633.67,J 17
6/28/2023,127,Comal
6/28/2023,89,San Marcos
6/28/2023,843.8,J 27
6/28/2023,634.19,J 17
6/27/2023,131,Comal
6/27/2023,90,San Marcos
6/27/2023,844.02,J 27
6/27/2023,634.54,J 17
6/26/2023,135,Comal
6/26/2023,90,San Marcos
6/26/2023,844.26,J 27
6/26/2023,636.3,J 17
6/25/2023,139,Comal
6/25/2023,90,San Marcos
6/25/2023,844.43,J 27
6/25/2023,636.98,J 17
6/24/2023,142,Comal
6/24/2023,90,San Marcos
6/24/2023,844.56,J 27
6/24/2023,637.09,J 17
6/23/2023,146,Comal
6/23/2023,89,San Marcos
6/23/2023,844.67,J 27
6/23/2023,637.3,J 17
6/22/2023,147,Comal
6/22/2023,88,San Marcos
6/22/2023,844.72,J 27
6/22/2023,637.62,J 17
6/21/2023,150,Comal
6/21/2023,87,San Marcos
6/21/2023,844.92,J 27
6/21/2023,637.99,J 17
6/20/2023,152,Comal
6/20/2023,86,San Marcos
6/20/2023,845.04,J 27
6/20/2023,638.99,J 17
6/19/2023,154,Comal
6/19/2023,85,San Marcos
6/19/2023,845.39,J 27
6/19/2023,640.23,J 17
6/18/2023,157,Comal
6/18/2023,85,San Marcos
6/18/2023,845.47,J 27
6/18/2023,640.73,J 17
6/17/2023,159,Comal
6/17/2023,86,San Marcos
6/17/2023,845.52,J 27
6/17/2023,641.4,J 17
6/16/2023,161,Comal
6/16/2023,86,San Marcos
6/16/2023,845.64,J 27
6/16/2023,642.06,J 17
6/15/2023,163,Comal
6/15/2023,86,San Marcos
6/15/2023,845.81,J 27
6/15/2023,642.61,J 17
6/14/2023,165,Comal
6/14/2023,86,San Marcos
6/14/2023,846.04,J 27
6/14/2023,643.31,J 17
6/13/2023,168,Comal
6/13/2023,85,San Marcos
6/13/2023,846.3,J 27
6/13/2023,644.39,J 17
6/12/2023,172,Comal
6/12/2023,85,San Marcos
6/12/2023,846.43,J 27
6/12/2023,645.64,J 17
6/11/2023,175,Comal
6/11/2023,86,San Marcos
6/11/2023,846.37,J 27
6/11/2023,646.8,J 17
6/10/2023,178,Comal
6/10/2023,86,San Marcos
6/10/2023,846.33,J 27
6/10/2023,647.21,J 17
6/9/2023,182,Comal
6/9/2023,88,San Marcos
6/9/2023,846.29,J 27
6/9/2023,647.56,J 17
6/8/2023,184,Comal
6/8/2023,90,San Marcos
6/8/2023,846.24,J 27
6/8/2023,647.63,J 17
6/7/2023,187,Comal
6/7/2023,91,San Marcos
6/7/2023,846.19,J 27
6/7/2023,647.79,J 17
6/6/2023,186,Comal
6/6/2023,93,San Marcos
6/6/2023,846.13,J 27
6/6/2023,647.94,J 17
6/5/2023,185,Comal
6/5/2023,94,San Marcos
6/5/2023,846.03,J 27
6/5/2023,648.39,J 17
6/4/2023,184,Comal
6/4/2023,96,San Marcos
6/4/2023,845.96,J 27
6/4/2023,648.1,J 17
6/3/2023,183,Comal
6/3/2023,99,San Marcos
6/3/2023,845.91,J 27
6/3/2023,647.56,J 17
6/2/2023,182,Comal
6/2/2023,99,San Marcos
6/2/2023,845.77,J 27
6/2/2023,647.31,J 17
6/1/2023,184,Comal
6/1/2023,100,San Marcos
6/1/2023,845.76,J 27
6/1/2023,647.68,J 17
5/31/2023,187,Comal
5/31/2023,100,San Marcos
5/31/2023,845.75,J 27
5/31/2023,647.76,J 17
5/30/2023,189,Comal
5/30/2023,101,San Marcos
5/30/2023,845.71,J 27
5/30/2023,647.37,J 17
5/29/2023,192,Comal
5/29/2023,101,San Marcos
5/29/2023,845.67,J 27
5/29/2023,647.25,J 17
5/28/2023,191,Comal
5/28/2023,102,San Marcos
5/28/2023,845.6,J 27
5/28/2023,647.78,J 17
5/27/2023,191,Comal
5/27/2023,104,San Marcos
5/27/2023,845.53,J 27
5/27/2023,647.7,J 17
5/26/2023,194,Comal
5/26/2023,105,San Marcos
5/26/2023,845.55,J 27
5/26/2023,647.53,J 17
5/25/2023,195,Comal
5/25/2023,106,San Marcos
5/25/2023,845.53,J 27
5/25/2023,647.48,J 17
5/24/2023,195,Comal
5/24/2023,106,San Marcos
5/24/2023,845.48,J 27
5/24/2023,647.56,J 17
5/23/2023,196,Comal
5/23/2023,107,San Marcos
5/23/2023,845.44,J 27
5/23/2023,647.96,J 17
5/22/2023,195,Comal
5/22/2023,105,San Marcos
5/22/2023,845.38,J 27
5/22/2023,647.97,J 17
5/21/2023,194,Comal
5/21/2023,104,San Marcos
5/21/2023,845.2,J 27
5/21/2023,647.8,J 17
5/20/2023,192,Comal
5/20/2023,104,San Marcos
5/20/2023,844.93,J 27
5/20/2023,646.81,J 17
5/19/2023,191,Comal
5/19/2023,104,San Marcos
5/19/2023,844.87,J 27
5/19/2023,646.37,J 17
5/18/2023,184,Comal
5/18/2023,103,San Marcos
5/18/2023,844.86,J 27
5/18/2023,646.69,J 17
5/17/2023,178,Comal
5/17/2023,103,San Marcos
5/17/2023,844.84,J 27
5/17/2023,646.63,J 17
5/16/2023,171,Comal
5/16/2023,102,San Marcos
5/16/2023,844.8,J 27
5/16/2023,646.08,J 17
5/15/2023,165,Comal
5/15/2023,100,San Marcos
5/15/2023,844.74,J 27
5/15/2023,645.6,J 17
5/14/2023,159,Comal
5/14/2023,99,San Marcos
5/14/2023,844.7,J 27
5/14/2023,645.45,J 17
5/13/2023,154,Comal
5/13/2023,97,San Marcos
5/13/2023,844.64,J 27
5/13/2023,644.29,J 17
5/12/2023,146,Comal
5/12/2023,96,San Marcos
5/12/2023,844.55,J 27
5/12/2023,640.68,J 17
5/11/2023,143,Comal
5/11/2023,96,San Marcos
5/11/2023,844.51,J 27
5/11/2023,640.42,J 17
5/10/2023,144,Comal
5/10/2023,96,San Marcos
5/10/2023,844.47,J 27
5/10/2023,639.91,J 17
5/9/2023,144,Comal
5/9/2023,97,San Marcos
5/9/2023,844.4,J 27
5/9/2023,639.08,J 17
5/8/2023,144,Comal
5/8/2023,95,San Marcos
5/8/2023,844.32,J 27
5/8/2023,638.83,J 17
5/7/2023,143,Comal
5/7/2023,96,San Marcos
5/7/2023,844.26,J 27
5/7/2023,639.3,J 17
5/6/2023,142,Comal
5/6/2023,95,San Marcos
5/6/2023,844.25,J 27
5/6/2023,639.12,J 17
5/5/2023,143,Comal
5/5/2023,94,San Marcos
5/5/2023,844.35,J 27
5/5/2023,639.73,J 17
5/4/2023,144,Comal
5/4/2023,92,San Marcos
5/4/2023,844.57,J 27
5/4/2023,640.03,J 17
5/3/2023,145,Comal
5/3/2023,94,San Marcos
5/3/2023,844.89,J 27
5/3/2023,640.45,J 17
5/2/2023,147,Comal
5/2/2023,95,San Marcos
5/2/2023,845.19,J 27
5/2/2023,640.61,J 17
5/1/2023,149,Comal
5/1/2023,94,San Marcos
5/1/2023,845.38,J 27
5/1/2023,641.16,J 17
4/30/2023,150,Comal
4/30/2023,96,San Marcos
4/30/2023,845.43,J 27
4/30/2023,641.65,J 17
4/29/2023,152,Comal
4/29/2023,95,San Marcos
4/29/2023,845.42,J 27
4/29/2023,641.39,J 17
4/28/2023,151,Comal
4/28/2023,96,San Marcos
4/28/2023,845.45,J 27
4/28/2023,641.03,J 17
4/27/2023,150,Comal
4/27/2023,96,San Marcos
4/27/2023,845.42,J 27
4/27/2023,640.72,J 17
4/26/2023,148,Comal
4/26/2023,95,San Marcos
4/26/2023,845.4,J 27
4/26/2023,640.45,J 17
4/25/2023,148,Comal
4/25/2023,94,San Marcos
4/25/2023,845.36,J 27
4/25/2023,640.3,J 17
4/24/2023,148,Comal
4/24/2023,93,San Marcos
4/24/2023,845.3,J 27
4/24/2023,639.86,J 17
4/23/2023,148,Comal
4/23/2023,91,San Marcos
4/23/2023,845.23,J 27
4/23/2023,639.34,J 17
4/22/2023,142,Comal
4/22/2023,90,San Marcos
4/22/2023,845.18,J 27
4/22/2023,638.09,J 17
4/21/2023,137,Comal
4/21/2023,89,San Marcos
4/21/2023,845.11,J 27
4/21/2023,637.06,J 17
4/20/2023,131,Comal
4/20/2023,87,San Marcos
4/20/2023,845.24,J 27
4/20/2023,634.91,J 17
4/19/2023,126,Comal
4/19/2023,86,San Marcos
4/19/2023,845.34,J 27
4/19/2023,634.84,J 17
4/18/2023,125,Comal
4/18/2023,85,San Marcos
4/18/2023,845.44,J 27
4/18/2023,634.02,J 17
4/17/2023,127,Comal
4/17/2023,85,San Marcos
4/17/2023,845.53,J 27
4/17/2023,635.01,J 17
4/16/2023,129,Comal
4/16/2023,84,San Marcos
4/16/2023,845.76,J 27
4/16/2023,635.54,J 17
4/15/2023,131,Comal
4/15/2023,85,San Marcos
4/15/2023,846.05,J 27
4/15/2023,636.44,J 17
4/14/2023,134,Comal
4/14/2023,86,San Marcos
4/14/2023,846.23,J 27
4/14/2023,636.87,J 17
4/13/2023,136,Comal
4/13/2023,86,San Marcos
4/13/2023,846.34,J 27
4/13/2023,637.08,J 17
4/12/2023,136,Comal
4/12/2023,88,San Marcos
4/12/2023,846.42,J 27
4/12/2023,637.47,J 17
4/11/2023,133,Comal
4/11/2023,87,San Marcos
4/11/2023,846.45,J 27
4/11/2023,637.7,J 17
4/10/2023,131,Comal
4/10/2023,86,San Marcos
4/10/2023,846.45,J 27
4/10/2023,638.52,J 17
4/9/2023,136,Comal
4/9/2023,83,San Marcos
4/9/2023,846.45,J 27
4/9/2023,638.52,J 17
4/8/2023,143,Comal
4/8/2023,83,San Marcos
4/8/2023,846.42,J 27
4/8/2023,638.13,J 17
4/7/2023,142,Comal
4/7/2023,86,San Marcos
4/7/2023,846.43,J 27
4/7/2023,636.97,J 17
4/6/2023,126,Comal
4/6/2023,90,San Marcos
4/6/2023,846.52,J 27
4/6/2023,635.76,J 17
4/5/2023,118,Comal
4/5/2023,81,San Marcos
4/5/2023,846.6,J 27
4/5/2023,634.96,J 17
4/4/2023,119,Comal
4/4/2023,80,San Marcos
4/4/2023,846.66,J 27
4/4/2023,634.81,J 17
4/3/2023,121,Comal
4/3/2023,81,San Marcos
4/3/2023,846.73,J 27
4/3/2023,635.54,J 17
4/2/2023,121,Comal
4/2/2023,82,San Marcos
4/2/2023,846.85,J 27
4/2/2023,635.8,J 17
4/1/2023,121,Comal
4/1/2023,82,San Marcos
4/1/2023,846.99,J 27
4/1/2023,635.76,J 17
3/31/2023,120,Comal
3/31/2023,82,San Marcos
3/31/2023,847.1,J 27
3/31/2023,635.98,J 17
3/30/2023,120,Comal
3/30/2023,82,San Marcos
3/30/2023,847.17,J 27
3/30/2023,635.49,J 17
3/29/2023,119,Comal
3/29/2023,81,San Marcos
3/29/2023,847.29,J 27
3/29/2023,635.5,J 17
3/28/2023,119,Comal
3/28/2023,81,San Marcos
3/28/2023,847.33,J 27
3/28/2023,635.2,J 17
3/27/2023,118,Comal
3/27/2023,80,San Marcos
3/27/2023,847.37,J 27
3/27/2023,635.68,J 17
3/26/2023,117,Comal
3/26/2023,82,San Marcos
3/26/2023,847.42,J 27
3/26/2023,636.14,J 17
3/25/2023,117,Comal
3/25/2023,84,San Marcos
3/25/2023,847.43,J 27
3/25/2023,635.98,J 17
3/24/2023,116,Comal
3/24/2023,84,San Marcos
3/24/2023,847.46,J 27
3/24/2023,635.9,J 17
3/23/2023,112,Comal
3/23/2023,85,San Marcos
3/23/2023,847.46,J 27
3/23/2023,635.96,J 17
3/22/2023,112,Comal
3/22/2023,84,San Marcos
3/22/2023,847.44,J 27
3/22/2023,635.99,J 17
3/21/2023,111,Comal
3/21/2023,84,San Marcos
3/21/2023,847.41,J 27
3/21/2023,635.28,J 17
3/20/2023,119,Comal
3/20/2023,90,San Marcos
3/20/2023,847.4,J 27
3/20/2023,635.57,J 17
3/19/2023,120,Comal
3/19/2023,86,San Marcos
3/19/2023,847.43,J 27
3/19/2023,635.87,J 17
3/18/2023,118,Comal
3/18/2023,86,San Marcos
3/18/2023,847.4,J 27
3/18/2023,635.46,J 17
3/17/2023,125,Comal
3/17/2023,86,San Marcos
3/17/2023,847.37,J 27
3/17/2023,634.35,J 17
3/16/2023,111,Comal
3/16/2023,87,San Marcos
3/16/2023,847.38,J 27
3/16/2023,633.64,J 17
3/15/2023,109,Comal
3/15/2023,88,San Marcos
3/15/2023,847.37,J 27
3/15/2023,633.37,J 17
3/14/2023,107,Comal
3/14/2023,87,San Marcos
3/14/2023,847.46,J 27
3/14/2023,634,J 17
3/13/2023,110,Comal
3/13/2023,89,San Marcos
3/13/2023,847.52,J 27
3/13/2023,634.28,J 17
3/12/2023,112,Comal
3/12/2023,88,San Marcos
3/12/2023,847.59,J 27
3/12/2023,634.97,J 17
3/11/2023,115,Comal
3/11/2023,88,San Marcos
3/11/2023,847.64,J 27
3/11/2023,634.79,J 17
3/10/2023,115,Comal
3/10/2023,87,San Marcos
3/10/2023,847.67,J 27
3/10/2023,634.5,J 17
3/9/2023,117,Comal
3/9/2023,88,San Marcos
3/9/2023,847.73,J 27
3/9/2023,635.18,J 17
3/8/2023,119,Comal
3/8/2023,88,San Marcos
3/8/2023,847.81,J 27
3/8/2023,635.58,J 17
3/7/2023,121,Comal
3/7/2023,88,San Marcos
3/7/2023,847.91,J 27
3/7/2023,635.67,J 17
3/6/2023,123,Comal
3/6/2023,87,San Marcos
3/6/2023,848.05,J 27
3/6/2023,636.09,J 17
3/5/2023,126,Comal
3/5/2023,87,San Marcos
3/5/2023,848.18,J 27
3/5/2023,636.51,J 17
3/4/2023,128,Comal
3/4/2023,88,San Marcos
3/4/2023,848.27,J 27
3/4/2023,636.2,J 17
3/3/2023,130,Comal
3/3/2023,88,San Marcos
3/3/2023,848.37,J 27
3/3/2023,635.92,J 17
3/2/2023,130,Comal
3/2/2023,88,San Marcos
3/2/2023,848.35,J 27
3/2/2023,635.55,J 17
3/1/2023,129,Comal
3/1/2023,87,San Marcos
3/1/2023,848.36,J 27
3/1/2023,635.98,J 17
2/28/2023,129,Comal
2/28/2023,88,San Marcos
2/28/2023,848.39,J 27
2/28/2023,636.29,J 17
2/27/2023,131,Comal
2/27/2023,89,San Marcos
2/27/2023,848.44,J 27
2/27/2023,636.8,J 17
2/26/2023,133,Comal
2/26/2023,89,San Marcos
2/26/2023,848.45,J 27
2/26/2023,637.31,J 17
2/25/2023,132,Comal
2/25/2023,89,San Marcos
2/25/2023,848.48,J 27
2/25/2023,636.88,J 17
2/24/2023,131,Comal
2/24/2023,88,San Marcos
2/24/2023,848.56,J 27
2/24/2023,636.71,J 17
2/23/2023,129,Comal
2/23/2023,87,San Marcos
2/23/2023,848.68,J 27
2/23/2023,636.9,J 17
2/22/2023,130,Comal
2/22/2023,86,San Marcos
2/22/2023,848.77,J 27
2/22/2023,637.18,J 17
2/21/2023,132,Comal
2/21/2023,87,San Marcos
2/21/2023,848.82,J 27
2/21/2023,637.21,J 17
2/20/2023,133,Comal
2/20/2023,88,San Marcos
2/20/2023,848.78,J 27
2/20/2023,638.09,J 17
2/19/2023,132,Comal
2/19/2023,89,San Marcos
2/19/2023,848.77,J 27
2/19/2023,638.33,J 17
2/18/2023,131,Comal
2/18/2023,91,San Marcos
2/18/2023,848.75,J 27
2/18/2023,638.02,J 17
2/17/2023,128,Comal
2/17/2023,91,San Marcos
2/17/2023,848.78,J 27
2/17/2023,637.51,J 17
2/16/2023,126,Comal
2/16/2023,92,San Marcos
2/16/2023,848.85,J 27
2/16/2023,637.76,J 17
2/15/2023,125,Comal
2/15/2023,93,San Marcos
2/15/2023,848.87,J 27
2/15/2023,638.11,J 17
2/14/2023,124,Comal
2/14/2023,93,San Marcos
2/14/2023,848.87,J 27
2/14/2023,638.23,J 17
2/13/2023,123,Comal
2/13/2023,93,San Marcos
2/13/2023,848.9,J 27
2/13/2023,638.33,J 17
2/12/2023,125,Comal
2/12/2023,93,San Marcos
2/12/2023,848.9,J 27
2/12/2023,638.58,J 17
2/11/2023,125,Comal
2/11/2023,93,San Marcos
2/11/2023,848.85,J 27
2/11/2023,638.31,J 17
2/10/2023,125,Comal
2/10/2023,93,San Marcos
2/10/2023,848.79,J 27
2/10/2023,638.13,J 17
2/9/2023,120,Comal
2/9/2023,93,San Marcos
2/9/2023,848.9,J 27
2/9/2023,638.23,J 17
2/8/2023,119,Comal
2/8/2023,92,San Marcos
2/8/2023,849.1,J 27
2/8/2023,637.64,J 17
2/7/2023,118,Comal
2/7/2023,92,San Marcos
2/7/2023,849.26,J 27
2/7/2023,637.96,J 17
2/6/2023,117,Comal
2/6/2023,91,San Marcos
2/6/2023,849.3,J 27
2/6/2023,638.06,J 17
2/5/2023,132,Comal
2/5/2023,92,San Marcos
2/5/2023,849.32,J 27
2/5/2023,638.39,J 17
2/4/2023,128,Comal
2/4/2023,91,San Marcos
2/4/2023,849.28,J 27
2/4/2023,638.09,J 17
2/3/2023,129,Comal
2/3/2023,91,San Marcos
2/3/2023,849.26,J 27
2/3/2023,637.9,J 17
2/2/2023,129,Comal
2/2/2023,91,San Marcos
2/2/2023,849.28,J 27
2/2/2023,637.66,J 17
2/1/2023,133,Comal
2/1/2023,90,San Marcos
2/1/2023,849.28,J 27
2/1/2023,637.32,J 17
1/31/2023,121,Comal
1/31/2023,90,San Marcos
1/31/2023,849.28,J 27
1/31/2023,637.03,J 17
1/30/2023,120,Comal
1/30/2023,90,San Marcos
1/30/2023,849.29,J 27
1/30/2023,637.01,J 17
1/29/2023,121,Comal
1/29/2023,90,San Marcos
1/29/2023,849.31,J 27
1/29/2023,637.56,J 17
1/28/2023,122,Comal
1/28/2023,90,San Marcos
1/28/2023,849.3,J 27
1/28/2023,637.33,J 17
1/27/2023,123,Comal
1/27/2023,90,San Marcos
1/27/2023,849.27,J 27
1/27/2023,636.97,J 17
1/26/2023,125,Comal
1/26/2023,90,San Marcos
1/26/2023,849.26,J 27
1/26/2023,636.7,J 17
1/25/2023,124,Comal
1/25/2023,90,San Marcos
1/25/2023,849.28,J 27
1/25/2023,636.74,J 17
1/24/2023,126,Comal
1/24/2023,90,San Marcos
1/24/2023,849.35,J 27
1/24/2023,636.57,J 17
1/23/2023,125,Comal
1/23/2023,90,San Marcos
1/23/2023,849.27,J 27
1/23/2023,636.09,J 17
1/22/2023,124,Comal
1/22/2023,90,San Marcos
1/22/2023,849.28,J 27
1/22/2023,636.55,J 17
1/21/2023,122,Comal
1/21/2023,90,San Marcos
1/21/2023,849.3,J 27
1/21/2023,636.3,J 17
1/20/2023,121,Comal
1/20/2023,91,San Marcos
1/20/2023,849.29,J 27
1/20/2023,636.08,J 17
1/19/2023,121,Comal
1/19/2023,91,San Marcos
1/19/2023,849.32,J 27
1/19/2023,635.6,J 17
1/18/2023,121,Comal
1/18/2023,90,San Marcos
1/18/2023,849.44,J 27
1/18/2023,636.28,J 17
1/17/2023,122,Comal
1/17/2023,90,San Marcos
1/17/2023,849.43,J 27
1/17/2023,636.4,J 17
1/16/2023,123,Comal
1/16/2023,90,San Marcos
1/16/2023,849.43,J 27
1/16/2023,636.8,J 17
1/15/2023,124,Comal
1/15/2023,90,San Marcos
1/15/2023,849.42,J 27
1/15/2023,636.88,J 17
1/14/2023,124,Comal
1/14/2023,90,San Marcos
1/14/2023,849.35,J 27
1/14/2023,636.61,J 17
1/13/2023,124,Comal
1/13/2023,89,San Marcos
1/13/2023,849.3,J 27
1/13/2023,636.08,J 17
1/12/2023,125,Comal
1/12/2023,89,San Marcos
1/12/2023,849.33,J 27
1/12/2023,635.99,J 17
1/11/2023,127,Comal
1/11/2023,88,San Marcos
1/11/2023,849.35,J 27
1/11/2023,636.25,J 17
1/10/2023,128,Comal
1/10/2023,88,San Marcos
1/10/2023,849.33,J 27
1/10/2023,636.2,J 17
1/9/2023,130,Comal
1/9/2023,89,San Marcos
1/9/2023,849.32,J 27
1/9/2023,636.29,J 17
1/8/2023,130,Comal
1/8/2023,91,San Marcos
1/8/2023,849.31,J 27
1/8/2023,636.68,J 17
1/7/2023,133,Comal
1/7/2023,91,San Marcos
1/7/2023,849.34,J 27
1/7/2023,636.59,J 17
1/6/2023,132,Comal
1/6/2023,91,San Marcos
1/6/2023,849.42,J 27
1/6/2023,636.18,J 17
1/5/2023,132,Comal
1/5/2023,91,San Marcos
1/5/2023,849.41,J 27
1/5/2023,636.42,J 17
1/4/2023,133,Comal
1/4/2023,89,San Marcos
1/4/2023,849.41,J 27
1/4/2023,636.72,J 17
1/3/2023,134,Comal
1/3/2023,88,San Marcos
1/3/2023,849.4,J 27
1/3/2023,637.16,J 17
1/2/2023,139,Comal
1/2/2023,88,San Marcos
1/2/2023,849.37,J 27
1/2/2023,637.4,J 17
1/1/2023,136,Comal
1/1/2023,88,San Marcos
1/1/2023,849.36,J 27
1/1/2023,637.61,J 17
12/31/2022,134,Comal
12/31/2022,88,San Marcos
12/31/2022,849.38,J 27
12/31/2022,637.29,J 17
12/30/2022,133,Comal
12/30/2022,88,San Marcos
12/30/2022,849.42,J 27
12/30/2022,636.93,J 17
12/29/2022,131,Comal
12/29/2022,87,San Marcos
12/29/2022,849.46,J 27
12/29/2022,636.98,J 17
12/28/2022,129,Comal
12/28/2022,87,San Marcos
12/28/2022,849.48,J 27
12/28/2022,637.01,J 17
12/27/2022,126,Comal
12/27/2022,87,San Marcos
12/27/2022,849.46,J 27
12/27/2022,636.41,J 17
12/26/2022,124,Comal
12/26/2022,86,San Marcos
12/26/2022,849.4,J 27
12/26/2022,636.1,J 17
12/25/2022,121,Comal
12/25/2022,84,San Marcos
12/25/2022,849.38,J 27
12/25/2022,635.54,J 17
12/24/2022,123,Comal
12/24/2022,82,San Marcos
12/24/2022,849.36,J 27
12/24/2022,635.63,J 17
12/23/2022,124,Comal
12/23/2022,82,San Marcos
12/23/2022,849.51,J 27
12/23/2022,637.67,J 17
12/22/2022,126,Comal
12/22/2022,83,San Marcos
12/22/2022,849.59,J 27
12/22/2022,638.41,J 17
12/21/2022,127,Comal
12/21/2022,84,San Marcos
12/21/2022,849.58,J 27
12/21/2022,638.32,J 17
12/20/2022,126,Comal
12/20/2022,85,San Marcos
12/20/2022,849.59,J 27
12/20/2022,638.2,J 17
12/19/2022,128,Comal
12/19/2022,86,San Marcos
12/19/2022,849.6,J 27
12/19/2022,637.95,J 17
12/18/2022,128,Comal
12/18/2022,87,San Marcos
12/18/2022,849.6,J 27
12/18/2022,637.76,J 17
12/17/2022,127,Comal
12/17/2022,87,San Marcos
12/17/2022,849.59,J 27
12/17/2022,637.4,J 17
12/16/2022,127,Comal
12/16/2022,87,San Marcos
12/16/2022,849.6,J 27
12/16/2022,637.37,J 17
12/15/2022,126,Comal
12/15/2022,88,San Marcos
12/15/2022,849.63,J 27
12/15/2022,637.12,J 17
12/14/2022,125,Comal
12/14/2022,91,San Marcos
12/14/2022,849.63,J 27
12/14/2022,637.22,J 17
12/13/2022,123,Comal
12/13/2022,89,San Marcos
12/13/2022,849.61,J 27
12/13/2022,637.18,J 17
12/12/2022,149,Comal
12/12/2022,93,San Marcos
12/12/2022,849.61,J 27
12/12/2022,636.98,J 17
12/11/2022,147,Comal
12/11/2022,90,San Marcos
12/11/2022,849.59,J 27
12/11/2022,636.85,J 17
12/10/2022,134,Comal
12/10/2022,91,San Marcos
12/10/2022,849.59,J 27
12/10/2022,635.68,J 17
12/9/2022,130,Comal
12/9/2022,89,San Marcos
12/9/2022,849.58,J 27
12/9/2022,635.58,J 17
12/8/2022,131,Comal
12/8/2022,89,San Marcos
12/8/2022,849.56,J 27
12/8/2022,636.19,J 17
12/7/2022,132,Comal
12/7/2022,89,San Marcos
12/7/2022,849.54,J 27
12/7/2022,636.58,J 17
12/6/2022,133,Comal
12/6/2022,89,San Marcos
12/6/2022,849.55,J 27
12/6/2022,637.33,J 17
12/5/2022,134,Comal
12/5/2022,90,San Marcos
12/5/2022,849.53,J 27
12/5/2022,638.54,J 17
12/4/2022,135,Comal
12/4/2022,90,San Marcos
12/4/2022,849.5,J 27
12/4/2022,638.51,J 17
12/3/2022,133,Comal
12/3/2022,89,San Marcos
12/3/2022,849.46,J 27
12/3/2022,638.3,J 17
12/2/2022,132,Comal
12/2/2022,88,San Marcos
12/2/2022,849.46,J 27
12/2/2022,638.35,J 17
12/1/2022,131,Comal
12/1/2022,86,San Marcos
12/1/2022,849.44,J 27
12/1/2022,637.89,J 17
11/30/2022,638.06,J 17
11/30/2022,849.44,J 27
11/30/2022,132,Comal
11/30/2022,87,San Marcos
11/29/2022,638.37,J 17
11/29/2022,849.49,J 27
11/29/2022,132,Comal
11/29/2022,88,San Marcos
11/28/2022,638.77,J 17
11/28/2022,849.43,J 27
11/28/2022,133,Comal
11/28/2022,88,San Marcos
11/27/2022,639.15,J 17
11/27/2022,849.41,J 27
11/27/2022,134,Comal
11/27/2022,89,San Marcos
11/26/2022,638.41,J 17
11/26/2022,849.38,J 27
11/26/2022,134,Comal
11/26/2022,90,San Marcos
11/25/2022,637.77,J 17
11/25/2022,849.31,J 27
11/25/2022,135,Comal
11/25/2022,91,San Marcos
11/24/2022,637.62,J 17
11/24/2022,849.28,J 27
11/24/2022,135,Comal
11/24/2022,91,San Marcos
11/23/2022,637.36,J 17
11/23/2022,849.25,J 27
11/23/2022,132,Comal
11/23/2022,91,San Marcos
11/22/2022,636.91,J 17
11/22/2022,849.21,J 27
11/22/2022,130,Comal
11/22/2022,91,San Marcos
11/21/2022,636.97,J 17
11/21/2022,849.18,J 27
11/21/2022,127,Comal
11/21/2022,90,San Marcos
11/20/2022,636.42,J 17
11/20/2022,849.15,J 27
11/20/2022,125,Comal
11/20/2022,89,San Marcos
11/19/2022,635.94,J 17
11/19/2022,849.13,J 27
11/19/2022,122,Comal
11/19/2022,89,San Marcos
11/18/2022,635.1,J 17
11/18/2022,849.12,J 27
11/18/2022,120,Comal
11/18/2022,89,San Marcos
11/17/2022,635.33,J 17
11/17/2022,849.11,J 27
11/17/2022,117,Comal
11/17/2022,90,San Marcos
11/16/2022,635.25,J 17
11/16/2022,849.15,J 27
11/16/2022,115,Comal
11/16/2022,90,San Marcos
11/15/2022,635.09,J 17
11/15/2022,849.18,J 27
11/15/2022,114,Comal
11/15/2022,90,San Marcos
11/14/2022,635.68,J 17
11/14/2022,849.21,J 27
11/14/2022,112,Comal
11/14/2022,89,San Marcos
11/13/2022,635.63,J 17
11/13/2022,849.19,J 27
11/13/2022,111,Comal
11/13/2022,87,San Marcos
11/12/2022,635.46,J 17
11/12/2022,849.2,J 27
11/12/2022,110,Comal
11/12/2022,87,San Marcos
11/11/2022,635.05,J 17
11/11/2022,849.26,J 27
11/11/2022,112,Comal
11/11/2022,86,San Marcos
11/10/2022,635.11,J 17
11/10/2022,849.25,J 27
11/10/2022,114,Comal
11/10/2022,85,San Marcos
11/9/2022,634.6,J 17
11/9/2022,849.23,J 27
11/9/2022,113,Comal
11/9/2022,84,San Marcos
11/8/2022,634.9,J 17
11/8/2022,849.22,J 27
11/8/2022,114,Comal
11/8/2022,84,San Marcos
11/7/2022,634.82,J 17
11/7/2022,849.23,J 27
11/7/2022,116,Comal
11/7/2022,85,San Marcos
11/6/2022,121,Comal
11/6/2022,87,San Marcos
11/6/2022,635.34,J 17
11/6/2022,849.31,J 27
11/5/2022,116,Comal
11/5/2022,87,San Marcos
11/5/2022,634.85,J 17
11/5/2022,849.27,J 27
11/4/2022,114,Comal
11/4/2022,90,San Marcos
11/4/2022,634.41,J 17
11/4/2022,849.21,J 27
11/3/2022,109,Comal
11/3/2022,84,San Marcos
11/3/2022,633.99,J 17
11/3/2022,849.18,J 27
11/2/2022,108,Comal
11/2/2022,84,San Marcos
11/2/2022,633.71,J 17
11/2/2022,849.14,J 27
11/1/2022,107,Comal
11/1/2022,84,San Marcos
11/1/2022,634.16,J 17
11/1/2022,849.12,J 27
10/31/2022,106,Comal
10/31/2022,84,San Marcos
10/31/2022,634.06,J 17
10/31/2022,849.1,J 27
10/30/2022,105,Comal
10/30/2022,82,San Marcos
10/30/2022,634.71,J 17
10/30/2022,849.07,J 27
10/29/2022,105,Comal
10/29/2022,83,San Marcos
10/29/2022,633.93,J 17
10/29/2022,849.03,J 27
10/28/2022,104,Comal
10/28/2022,83,San Marcos
10/28/2022,633.43,J 17
10/28/2022,849,J 27
10/27/2022,103,Comal
10/27/2022,84,San Marcos
10/27/2022,632.53,J 17
10/27/2022,848.98,J 27
10/26/2022,102,Comal
10/26/2022,83,San Marcos
10/26/2022,632.6,J 17
10/26/2022,848.95,J 27
10/25/2022,101,Comal
10/25/2022,83,San Marcos
10/25/2022,632.83,J 17
10/25/2022,848.94,J 27
10/24/2022,99,Comal
10/24/2022,84,San Marcos
10/24/2022,632.8,J 17
10/24/2022,849,J 27
10/23/2022,98,Comal
10/23/2022,83,San Marcos
10/23/2022,633.23,J 17
10/23/2022,848.98,J 27
10/22/2022,97,Comal
10/22/2022,83,San Marcos
10/22/2022,632.54,J 17
10/22/2022,848.87,J 27
10/21/2022,96,Comal
10/21/2022,83,San Marcos
10/21/2022,632.16,J 17
10/21/2022,848.84,J 27
10/20/2022,94,Comal
10/20/2022,83,San Marcos
10/20/2022,631.84,J 17
10/20/2022,848.81,J 27
10/19/2022,96,Comal
10/19/2022,84,San Marcos
10/19/2022,631.64,J 17
10/19/2022,848.74,J 27
10/18/2022,94,Comal
10/18/2022,83,San Marcos
10/18/2022,631.5,J 17
10/18/2022,848.69,J 27
10/17/2022,93,Comal
10/17/2022,84,San Marcos
10/17/2022,631.16,J 17
10/17/2022,848.65,J 27
10/16/2022,94,Comal
10/16/2022,84,San Marcos
10/16/2022,630.89,J 17
10/16/2022,848.62,J 27
10/15/2022,93,Comal
10/15/2022,85,San Marcos
10/15/2022,630.62,J 17
10/15/2022,848.6,J 27
10/14/2022,93,Comal
10/14/2022,86,San Marcos
10/14/2022,630.09,J 17
10/14/2022,848.58,J 27
10/13/2022,93,Comal
10/13/2022,87,San Marcos
10/13/2022,630.11,J 17
10/13/2022,848.56,J 27
10/12/2022,93,Comal
10/12/2022,86,San Marcos
10/12/2022,630.02,J 17
10/12/2022,848.54,J 27
10/11/2022,93,Comal
10/11/2022,85,San Marcos
10/11/2022,630.04,J 17
10/11/2022,848.58,J 27
10/10/2022,630.76,J 17
10/10/2022,848.51,J 27
10/10/2022,92,Comal
10/10/2022,86,San Marcos
10/9/2022,102,Comal
10/9/2022,89,San Marcos
10/9/2022,631.26,J 17
10/9/2022,848.49,J 27
10/8/2022,92,Comal
10/8/2022,89,San Marcos
10/8/2022,630.62,J 17
10/8/2022,848.44,J 27
10/7/2022,92,Comal
10/7/2022,90,San Marcos
10/7/2022,630.23,J 17
10/7/2022,848.35,J 27
10/6/2022,96,Comal
10/6/2022,87,San Marcos
10/6/2022,630.24,J 17
10/6/2022,848.27,J 27
10/5/2022,95,Comal
10/5/2022,88,San Marcos
10/5/2022,630.35,J 17
10/5/2022,848.25,J 27
10/4/2022,94,Comal
10/4/2022,85,San Marcos
10/4/2022,630.71,J 17
10/4/2022,848.21,J 27
10/3/2022,101,Comal
10/3/2022,88,San Marcos
10/3/2022,631.57,J 17
10/3/2022,848.17,J 27
10/2/2022,104,Comal
10/2/2022,90,San Marcos
10/2/2022,632.19,J 17
10/2/2022,848.12,J 27
10/1/2022,101,Comal
10/1/2022,90,San Marcos
10/1/2022,631.74,J 17
10/1/2022,848.08,J 27
9/30/2022,100,Comal
9/30/2022,89,San Marcos
9/30/2022,630.74,J 17
9/30/2022,848.04,J 27
9/29/2022,102,Comal
9/29/2022,89,San Marcos
9/29/2022,630.95,J 17
9/29/2022,847.98,J 27
9/28/2022,103,Comal
9/28/2022,82,San Marcos
9/28/2022,631.17,J 17
9/28/2022,847.89,J 27
9/27/2022,105,Comal
9/27/2022,83,San Marcos
9/27/2022,631.58,J 17
9/27/2022,847.84,J 27
9/26/2022,106,Comal
9/26/2022,85,San Marcos
9/26/2022,632.47,J 17
9/26/2022,847.78,J 27
9/25/2022,108,Comal
9/25/2022,86,San Marcos
9/25/2022,632.95,J 17
9/25/2022,847.72,J 27
9/24/2022,110,Comal
9/24/2022,85,San Marcos
9/24/2022,632.79,J 17
9/24/2022,847.66,J 27
9/23/2022,109,Comal
9/23/2022,84,San Marcos
9/23/2022,632.56,J 17
9/23/2022,847.57,J 27
9/22/2022,110,Comal
9/22/2022,84,San Marcos
9/22/2022,632.72,J 17
9/22/2022,847.49,J 27
9/21/2022,112,Comal
9/21/2022,83,San Marcos
9/21/2022,633.02,J 17
9/21/2022,847.4,J 27
9/20/2022,113,Comal
9/20/2022,84,San Marcos
9/20/2022,633.68,J 17
9/20/2022,847.29,J 27
9/19/2022,114,Comal
9/19/2022,86,San Marcos
9/19/2022,634.93,J 17
9/19/2022,847.16,J 27
9/18/2022,118,Comal
9/18/2022,87,San Marcos
9/18/2022,635.65,J 17
9/18/2022,847.04,J 27
9/17/2022,120,Comal
9/17/2022,88,San Marcos
9/17/2022,635.38,J 17
9/17/2022,846.91,J 27
9/16/2022,118,Comal
9/16/2022,89,San Marcos
9/16/2022,635.05,J 17
9/16/2022,846.77,J 27
9/15/2022,119,Comal
9/15/2022,89,San Marcos
9/15/2022,635.05,J 17
9/15/2022,846.63,J 27
9/14/2022,121,Comal
9/14/2022,89,San Marcos
9/14/2022,635.45,J 17
9/14/2022,846.47,J 27
9/13/2022,122,Comal
9/13/2022,90,San Marcos
9/13/2022,635.86,J 17
9/13/2022,846.34,J 27
9/12/2022,636.7,J 17
9/12/2022,846,J 27
9/12/2022,124,Comal
9/12/2022,91,San Marcos
9/11/2022,124,Comal
9/11/2022,637.3,J 17
9/11/2022,846,J 27
9/11/2022,95,San Marcos
9/10/2022,123,Comal
9/10/2022,636.9,J 17
9/10/2022,845.9,J 27
9/10/2022,94,San Marcos
9/9/2022,121,Comal
9/9/2022,636.6,J 17
9/9/2022,845.7,J 27
9/9/2022,90,San Marcos
9/8/2022,121,Comal
9/8/2022,636.5,J 17
9/8/2022,845.5,J 27
9/8/2022,90,San Marcos
9/7/2022,122,Comal
9/7/2022,636.2,J 17
9/7/2022,845.3,J 27
9/7/2022,91,San Marcos
9/6/2022,122,Comal
9/6/2022,636.64,J 17
9/6/2022,844.94,J 27
9/6/2022,92,San Marcos
9/5/2022,130,Comal
9/5/2022,637.77,J 17
9/5/2022,844.88,J 27
9/5/2022,92,San Marcos
9/4/2022,126,Comal
9/4/2022,637.69,J 17
9/4/2022,844.67,J 27
9/4/2022,94,San Marcos
9/3/2022,122,Comal
9/3/2022,635.66,J 17
9/3/2022,844.43,J 27
9/3/2022,102,San Marcos
9/2/2022,121,Comal
9/2/2022,634.77,J 17
9/2/2022,844.24,J 27
9/2/2022,92,San Marcos
9/1/2022,121,Comal
9/1/2022,634.92,J 17
9/1/2022,844.05,J 27
9/1/2022,91,San Marcos
8/31/2022,121,Comal
8/31/2022,634.86,J 17
8/31/2022,843.87,J 27
8/31/2022,90,San Marcos
8/30/2022,120,Comal
8/30/2022,634.94,J 17
8/30/2022,843.74,J 27
8/30/2022,90,San Marcos
8/29/2022,120,Comal
8/29/2022,635.3,J 17
8/29/2022,843.7,J 27
8/29/2022,90,San Marcos
8/28/2022,120,Comal
8/28/2022,636.13,J 17
8/28/2022,843.65,J 27
8/28/2022,89,San Marcos
8/27/2022,120,Comal
8/27/2022,635.64,J 17
8/27/2022,843.57,J 27
8/27/2022,89,San Marcos
8/26/2022,119,Comal
8/26/2022,635.08,J 17
8/26/2022,843.46,J 27
8/26/2022,89,San Marcos
8/25/2022,118,Comal
8/25/2022,635.42,J 17
8/25/2022,843.33,J 27
8/25/2022,88,San Marcos
8/24/2022,118,Comal
8/24/2022,634.72,J 17
8/24/2022,843.2,J 27
8/24/2022,90,San Marcos
8/23/2022,113,Comal
8/23/2022,634.88,J 17
8/23/2022,843.12,J 27
8/23/2022,89,San Marcos
8/22/2022,111,Comal
8/22/2022,635.06,J 17
8/22/2022,842.99,J 27
8/22/2022,90,San Marcos
8/21/2022,108,Comal
8/21/2022,635.25,J 17
8/21/2022,842.97,J 27
8/21/2022,90,San Marcos
8/20/2022,106,Comal
8/20/2022,634.42,J 17
8/20/2022,842.95,J 27
8/20/2022,90,San Marcos
8/19/2022,104,Comal
8/19/2022,634.29,J 17
8/19/2022,842.92,J 27
8/19/2022,90,San Marcos
8/18/2022,103,Comal
8/18/2022,633.8,J 17
8/18/2022,842.87,J 27
8/18/2022,89,San Marcos
8/17/2022,101,Comal
8/17/2022,633.95,J 17
8/17/2022,842.86,J 27
8/17/2022,89,San Marcos
8/16/2022,100,Comal
8/16/2022,634.01,J 17
8/16/2022,842.75,J 27
8/16/2022,89,San Marcos
8/15/2022,99,Comal
8/15/2022,633.58,J 17
8/15/2022,842.63,J 27
8/15/2022,89,San Marcos
8/14/2022,98,Comal
8/14/2022,632.79,J 17
8/14/2022,842.68,J 27
8/14/2022,89,San Marcos
8/13/2022,98,Comal
8/13/2022,632.13,J 17
8/13/2022,842.67,J 27
8/13/2022,90,San Marcos
8/12/2022,95,Comal
8/12/2022,631.48,J 17
8/12/2022,842.76,J 27
8/12/2022,91,San Marcos
8/11/2022,96,Comal
8/11/2022,630.69,J 17
8/11/2022,842.77,J 27
8/11/2022,92,San Marcos
8/10/2022,96,Comal
8/10/2022,630.65,J 17
8/10/2022,842.82,J 27
8/10/2022,92,San Marcos
8/9/2022,95,Comal
8/9/2022,630.86,J 17
8/9/2022,842.9,J 27
8/9/2022,94,San Marcos
8/8/2022,93,Comal
8/8/2022,631.41,J 17
8/8/2022,842.96,J 27
8/8/2022,92,San Marcos
8/7/2022,92,Comal
8/7/2022,631.88,J 17
8/7/2022,843.06,J 27
8/7/2022,94,San Marcos
8/6/2022,91,Comal
8/6/2022,630.94,J 17
8/6/2022,843.14,J 27
8/6/2022,92,San Marcos
8/5/2022,89,Comal
8/5/2022,630.36,J 17
8/5/2022,843.32,J 27
8/5/2022,91,San Marcos
8/4/2022,92,Comal
8/4/2022,630.57,J 17
8/4/2022,843.44,J 27
8/4/2022,92,San Marcos
8/3/2022,94,Comal
8/3/2022,630.95,J 17
8/3/2022,843.59,J 27
8/3/2022,93,San Marcos
8/2/2022,96,Comal
8/2/2022,631.31,J 17
8/2/2022,843.72,J 27
8/2/2022,95,San Marcos
8/1/2022,99,Comal
8/1/2022,632,J 17
8/1/2022,843.78,J 27
8/1/2022,96,San Marcos
7/31/2022,101,Comal
7/31/2022,632.62,J 17
7/31/2022,843.81,J 27
7/31/2022,99,San Marcos
7/30/2022,102,Comal
7/30/2022,632.27,J 17
7/30/2022,843.87,J 27
7/30/2022,99,San Marcos
7/29/2022,104,Comal
7/29/2022,631.77,J 17
7/29/2022,843.95,J 27
7/29/2022,99,San Marcos
7/28/2022,106,Comal
7/28/2022,632.09,J 17
7/28/2022,844.03,J 27
7/28/2022,99,San Marcos
7/27/2022,108,Comal
7/27/2022,632.37,J 17
7/27/2022,844.18,J 27
7/27/2022,99,San Marcos
7/26/2022,108,Comal
7/26/2022,632.72,J 17
7/26/2022,844.35,J 27
7/26/2022,99,San Marcos
7/25/2022,109,Comal
7/25/2022,633.56,J 17
7/25/2022,844.52,J 27
7/25/2022,99,San Marcos
7/24/2022,109,Comal
7/24/2022,633.98,J 17
7/24/2022,844.62,J 27
7/24/2022,99,San Marcos
7/23/2022,110,Comal
7/23/2022,633.63,J 17
7/23/2022,844.74,J 27
7/23/2022,99,San Marcos
7/22/2022,110,Comal
7/22/2022,633.12,J 17
7/22/2022,844.97,J 27
7/22/2022,98,San Marcos
7/21/2022,110,Comal
7/21/2022,633.08,J 17
7/21/2022,845.11,J 27
7/21/2022,98,San Marcos
7/20/2022,111,Comal
7/20/2022,633.36,J 17
7/20/2022,845.26,J 27
7/20/2022,98,San Marcos
7/19/2022,110,Comal
7/19/2022,633.98,J 17
7/19/2022,845.32,J 27
7/19/2022,98,San Marcos
7/18/2022,110,Comal
7/18/2022,634.83,J 17
7/18/2022,845.41,J 27
7/18/2022,98,San Marcos
7/17/2022,109,Comal
7/17/2022,635.45,J 17
7/17/2022,845.53,J 27
7/17/2022,99,San Marcos
7/16/2022,109,Comal
7/16/2022,634.31,J 17
7/16/2022,845.63,J 27
7/16/2022,99,San Marcos
7/15/2022,109,Comal
7/15/2022,632.54,J 17
7/15/2022,845.82,J 27
7/15/2022,98,San Marcos
7/14/2022,109,Comal
7/14/2022,632.03,J 17
7/14/2022,845.97,J 27
7/14/2022,98,San Marcos
7/13/2022,112,Comal
7/13/2022,632.4,J 17
7/13/2022,846.13,J 27
7/13/2022,97,San Marcos
7/12/2022,114,Comal
7/12/2022,632.62,J 17
7/12/2022,846.25,J 27
7/12/2022,99,San Marcos
7/11/2022,117,Comal
7/11/2022,634.51,J 17
7/11/2022,846.5,J 27
7/11/2022,100,San Marcos
7/10/2022,120,Comal
7/10/2022,635.02,J 17
7/10/2022,846.68,J 27
7/10/2022,100,San Marcos
7/9/2022,123,Comal
7/9/2022,634.86,J 17
7/9/2022,846.8,J 27
7/9/2022,101,San Marcos
7/8/2022,126,Comal
7/8/2022,634.82,J 17
7/8/2022,846.89,J 27
7/8/2022,104,San Marcos
7/7/2022,128,Comal
7/7/2022,634.95,J 17
7/7/2022,846.92,J 27
7/7/2022,103,San Marcos
7/6/2022,129,Comal
7/6/2022,635.08,J 17
7/6/2022,846.92,J 27
7/6/2022,104,San Marcos
7/5/2022,131,Comal
7/5/2022,635.98,J 17
7/5/2022,846.9,J 27
7/5/2022,105,San Marcos
7/4/2022,131,Comal
7/4/2022,636.85,J 17
7/4/2022,846.82,J 27
7/4/2022,106,San Marcos
7/3/2022,132,Comal
7/3/2022,637.15,J 17
7/3/2022,846.69,J 27
7/3/2022,104,San Marcos
7/2/2022,132,Comal
7/2/2022,636.71,J 17
7/2/2022,846.63,J 27
7/2/2022,104,San Marcos
7/1/2022,133,Comal
7/1/2022,636.55,J 17
7/1/2022,846.87,J 27
7/1/2022,111,San Marcos
6/30/2022,133,Comal
6/30/2022,636.45,J 17
6/30/2022,847.15,J 27
6/30/2022,103,San Marcos
6/29/2022,130,Comal
6/29/2022,635.83,J 17
6/29/2022,847.25,J 27
6/29/2022,102,San Marcos
6/28/2022,127,Comal
6/28/2022,634.25,J 17
6/28/2022,847.43,J 27
6/28/2022,102,San Marcos
6/27/2022,124,Comal
6/27/2022,634.31,J 17
6/27/2022,847.62,J 27
6/27/2022,103,San Marcos
6/26/2022,124,Comal
6/26/2022,634.48,J 17
6/26/2022,847.73,J 27
6/26/2022,101,San Marcos
6/25/2022,124,Comal
6/25/2022,634.04,J 17
6/25/2022,847.84,J 27
6/25/2022,102,San Marcos
6/24/2022,124,Comal
6/24/2022,633.96,J 17
6/24/2022,848.03,J 27
6/24/2022,102,San Marcos
6/23/2022,125,Comal
6/23/2022,634.02,J 17
6/23/2022,848.3,J 27
6/23/2022,102,San Marcos
6/22/2022,128,Comal
6/22/2022,634.26,J 17
6/22/2022,848.62,J 27
6/22/2022,102,San Marcos
6/21/2022,130,Comal
6/21/2022,634.96,J 17
6/21/2022,848.93,J 27
6/21/2022,103,San Marcos
6/20/2022,133,Comal
6/20/2022,636.02,J 17
6/20/2022,849.12,J 27
6/20/2022,105,San Marcos
6/19/2022,135,Comal
6/19/2022,636.31,J 17
6/19/2022,849.24,J 27
6/19/2022,107,San Marcos
6/18/2022,138,Comal
6/18/2022,636.07,J 17
6/18/2022,849.39,J 27
6/18/2022,107,San Marcos
6/17/2022,138,Comal
6/17/2022,635.69,J 17
6/17/2022,849.53,J 27
6/17/2022,107,San Marcos
6/16/2022,140,Comal
6/16/2022,636.18,J 17
6/16/2022,849.78,J 27
6/16/2022,107,San Marcos
6/15/2022,143,Comal
6/15/2022,636.37,J 17
6/15/2022,850.07,J 27
6/15/2022,108,San Marcos
6/14/2022,145,Comal
6/14/2022,636.24,J 17
6/14/2022,850.34,J 27
6/14/2022,108,San Marcos
6/13/2022,148,Comal
6/13/2022,637.31,J 17
6/13/2022,850.59,J 27
6/13/2022,108,San Marcos
6/12/2022,149,Comal
6/12/2022,637.95,J 17
6/12/2022,850.73,J 27
6/12/2022,109,San Marcos
6/11/2022,150,Comal
6/11/2022,636.93,J 17
6/11/2022,850.84,J 27
6/11/2022,109,San Marcos
6/10/2022,151,Comal
6/10/2022,637.17,J 17
6/10/2022,851.03,J 27
6/10/2022,110,San Marcos
6/9/2022,153,Comal
6/9/2022,638.13,J 17
6/9/2022,851.24,J 27
6/9/2022,110,San Marcos
6/8/2022,156,Comal
6/8/2022,639.48,J 17
6/8/2022,851.52,J 27
6/8/2022,111,San Marcos
6/7/2022,156,Comal
6/7/2022,640.62,J 17
6/7/2022,851.74,J 27
6/7/2022,113,San Marcos
6/6/2022,157,Comal
6/6/2022,641.53,J 17
6/6/2022,851.8,J 27
6/6/2022,115,San Marcos
6/5/2022,158,Comal
6/5/2022,642.79,J 17
6/5/2022,851.97,J 27
6/5/2022,114,San Marcos
6/4/2022,160,Comal
6/4/2022,642.79,J 17
6/4/2022,852.12,J 27
6/4/2022,116,San Marcos
6/3/2022,161,Comal
6/3/2022,642.81,J 17
6/3/2022,852.29,J 27
6/3/2022,118,San Marcos
6/2/2022,162,Comal
6/2/2022,643.33,J 17
6/2/2022,852.45,J 27
6/2/2022,118,San Marcos
6/1/2022,162,Comal
6/1/2022,643.61,J 17
6/1/2022,852.6,J 27
6/1/2022,118,San Marcos
5/31/2022,163,Comal
5/31/2022,644.38,J 17
5/31/2022,852.69,J 27
5/31/2022,117,San Marcos
5/30/2022,167,Comal
5/30/2022,646.13,J 17
5/30/2022,852.73,J 27
5/30/2022,119,San Marcos
5/29/2022,170,Comal
5/29/2022,646.61,J 17
5/29/2022,852.73,J 27
5/29/2022,120,San Marcos
5/28/2022,174,Comal
5/28/2022,646.21,J 17
5/28/2022,852.7,J 27
5/28/2022,122,San Marcos
5/27/2022,171,Comal
5/27/2022,646.33,J 17
5/27/2022,852.66,J 27
5/27/2022,123,San Marcos
5/26/2022,179,Comal
5/26/2022,646.37,J 17
5/26/2022,852.65,J 27
5/26/2022,124,San Marcos
5/25/2022,175,Comal
5/25/2022,646.33,J 17
5/25/2022,852.69,J 27
5/25/2022,125,San Marcos
5/24/2022,179,Comal
5/24/2022,645.44,J 17
5/24/2022,852.74,J 27
5/24/2022,125,San Marcos
5/23/2022,179,Comal
5/23/2022,644.69,J 17
5/23/2022,852.74,J 27
5/23/2022,126,San Marcos
5/22/2022,180,Comal
5/22/2022,644.19,J 17
5/22/2022,852.83,J 27
5/22/2022,125,San Marcos
5/21/2022,182,Comal
5/21/2022,643.45,J 17
5/21/2022,852.97,J 27
5/21/2022,125,San Marcos
5/20/2022,183,Comal
5/20/2022,643.09,J 17
5/20/2022,853.12,J 27
5/20/2022,124,San Marcos
5/19/2022,186,Comal
5/19/2022,643.34,J 17
5/19/2022,853.33,J 27
5/19/2022,124,San Marcos
5/18/2022,643.84,J 17
5/18/2022,853.51,J 27
5/18/2022,125,San Marcos
5/17/2022,213,Comal
5/17/2022,644.07,J 17
5/17/2022,853.68,J 27
5/17/2022,126,San Marcos
5/16/2022,213,Comal
5/16/2022,644.1,J 17
5/16/2022,853.78,J 27
5/16/2022,127,San Marcos
5/15/2022,219,Comal
5/15/2022,645,J 17
5/15/2022,853.88,J 27
5/15/2022,129,San Marcos
5/14/2022,207,Comal
5/14/2022,644.92,J 17
5/14/2022,853.98,J 27
5/14/2022,130,San Marcos
5/13/2022,203,Comal
5/13/2022,645.27,J 17
5/13/2022,854.07,J 27
5/13/2022,130,San Marcos
5/12/2022,203,Comal
5/12/2022,645.6,J 17
5/12/2022,854.19,J 27
5/12/2022,130,San Marcos
5/11/2022,204,Comal
5/11/2022,646.05,J 17
5/11/2022,854.31,J 27
5/11/2022,130,San Marcos
5/10/2022,204,Comal
5/10/2022,646.39,J 17
5/10/2022,854.35,J 27
5/10/2022,131,San Marcos
5/9/2022,205,Comal
5/9/2022,647.34,J 17
5/9/2022,854.36,J 27
5/9/2022,132,San Marcos
5/8/2022,206,Comal
5/8/2022,647.74,J 17
5/8/2022,854.38,J 27
5/8/2022,135,San Marcos
5/7/2022,206,Comal
5/7/2022,647.58,J 17
5/7/2022,854.39,J 27
5/7/2022,135,San Marcos
5/6/2022,207,Comal
5/6/2022,646.87,J 17
5/6/2022,854.39,J 27
5/6/2022,136,San Marcos
5/5/2022,209,Comal
5/5/2022,646.7,J 17
5/5/2022,854.44,J 27
5/5/2022,136,San Marcos
5/4/2022,207,Comal
5/4/2022,646.69,J 17
5/4/2022,854.57,J 27
5/4/2022,136,San Marcos
5/3/2022,210,Comal
5/3/2022,647.07,J 17
5/3/2022,854.7,J 27
5/3/2022,136,San Marcos
5/2/2022,214,Comal
5/2/2022,647.58,J 17
5/2/2022,854.8,J 27
5/2/2022,138,San Marcos
5/1/2022,214,Comal
5/1/2022,647.87,J 17
5/1/2022,854.84,J 27
5/1/2022,140,San Marcos
4/30/2022,214,Comal
4/30/2022,647.96,J 17
4/30/2022,854.91,J 27
4/30/2022,141,San Marcos
4/29/2022,214,Comal
4/29/2022,647.91,J 17
4/29/2022,854.98,J 27
4/29/2022,143,San Marcos
4/28/2022,215,Comal
4/28/2022,648.26,J 17
4/28/2022,855.05,J 27
4/28/2022,143,San Marcos
4/27/2022,217,Comal
4/27/2022,648.42,J 17
4/27/2022,855.12,J 27
4/27/2022,142,San Marcos
4/26/2022,218,Comal
4/26/2022,647.99,J 17
4/26/2022,855.2,J 27
4/26/2022,142,San Marcos
4/25/2022,220,Comal
4/25/2022,646.79,J 17
4/25/2022,855.24,J 27
4/25/2022,143,San Marcos
4/24/2022,219,Comal
4/24/2022,647.03,J 17
4/24/2022,855.32,J 27
4/24/2022,147,San Marcos
4/23/2022,217,Comal
4/23/2022,646.79,J 17
4/23/2022,855.44,J 27
4/23/2022,149,San Marcos
4/22/2022,218,Comal
4/22/2022,646.42,J 17
4/22/2022,855.6,J 27
4/22/2022,148,San Marcos
4/21/2022,218,Comal
4/21/2022,646.67,J 17
4/21/2022,855.73,J 27
4/21/2022,147,San Marcos
4/20/2022,217,Comal
4/20/2022,647.04,J 17
4/20/2022,855.81,J 27
4/20/2022,147,San Marcos
4/19/2022,224,Comal
4/19/2022,646.4,J 17
4/19/2022,855.85,J 27
4/19/2022,147,San Marcos
4/18/2022,217,Comal
4/18/2022,647.08,J 17
4/18/2022,855.91,J 27
4/18/2022,146,San Marcos
4/17/2022,220,Comal
4/17/2022,647.08,J 17
4/17/2022,855.99,J 27
4/17/2022,146,San Marcos
4/16/2022,219,Comal
4/16/2022,647.33,J 17
4/16/2022,856.12,J 27
4/16/2022,146,San Marcos
4/15/2022,219,Comal
4/15/2022,647.3,J 17
4/15/2022,856.3,J 27
4/15/2022,149,San Marcos
4/14/2022,218,Comal
4/14/2022,647.58,J 17
4/14/2022,856.43,J 27
4/14/2022,145,San Marcos
4/13/2022,217,Comal
4/13/2022,648.29,J 17
4/13/2022,856.57,J 27
4/13/2022,147,San Marcos
4/12/2022,217,Comal
4/12/2022,648.52,J 17
4/12/2022,856.7,J 27
4/12/2022,149,San Marcos
4/11/2022,216,Comal
4/11/2022,648.62,J 17
4/11/2022,856.76,J 27
4/11/2022,147,San Marcos
4/10/2022,218,Comal
4/10/2022,649.23,J 17
4/10/2022,856.84,J 27
4/10/2022,148,San Marcos
4/9/2022,221,Comal
4/9/2022,648.83,J 17
4/9/2022,856.93,J 27
4/9/2022,149,San Marcos
4/8/2022,220,Comal
4/8/2022,648.97,J 17
4/8/2022,857.01,J 27
4/8/2022,150,San Marcos
4/7/2022,220,Comal
4/7/2022,649.15,J 17
4/7/2022,857.1,J 27
4/7/2022,148,San Marcos
4/6/2022,223,Comal
4/6/2022,650,J 17
4/6/2022,857.2,J 27
4/6/2022,147,San Marcos
4/5/2022,227,Comal
4/5/2022,650.34,J 17
4/5/2022,857.27,J 27
4/5/2022,148,San Marcos
4/4/2022,231,Comal
4/4/2022,650.89,J 17
4/4/2022,857.35,J 27
4/4/2022,148,San Marcos
4/3/2022,234,Comal
4/3/2022,651.68,J 17
4/3/2022,857.46,J 27
4/3/2022,150,San Marcos
4/2/2022,238,Comal
4/2/2022,651.66,J 17
4/2/2022,857.55,J 27
4/2/2022,151,San Marcos
4/1/2022,242,Comal
4/1/2022,651.72,J 17
4/1/2022,857.71,J 27
4/1/2022,153,San Marcos
3/31/2022,246,Comal
3/31/2022,652.44,J 17
3/31/2022,857.85,J 27
3/31/2022,155,San Marcos
3/30/2022,248,Comal
3/30/2022,652.69,J 17
3/30/2022,857.97,J 27
3/30/2022,157,San Marcos
3/29/2022,249,Comal
3/29/2022,652.72,J 17
3/29/2022,858.05,J 27
3/29/2022,160,San Marcos
3/28/2022,250,Comal
3/28/2022,653.23,J 17
3/28/2022,858.11,J 27
3/28/2022,162,San Marcos
3/27/2022,251,Comal
3/27/2022,654.09,J 17
3/27/2022,858.18,J 27
3/27/2022,163,San Marcos
3/26/2022,256,Comal
3/26/2022,654.36,J 17
3/26/2022,858.27,J 27
3/26/2022,164,San Marcos
3/25/2022,258,Comal
3/25/2022,654.74,J 17
3/25/2022,858.34,J 27
3/25/2022,165,San Marcos
3/24/2022,260,Comal
3/24/2022,654.96,J 17
3/24/2022,858.42,J 27
3/24/2022,166,San Marcos
3/23/2022,262,Comal
3/23/2022,655.22,J 17
3/23/2022,858.51,J 27
3/23/2022,167,San Marcos
3/22/2022,263,Comal
3/22/2022,655.83,J 17
3/22/2022,858.61,J 27
3/22/2022,165,San Marcos
3/21/2022,263,Comal
3/21/2022,656.27,J 17
3/21/2022,656.34,J 17
3/21/2022,858.7,J 27
3/21/2022,858.7,J 27
3/21/2022,167,San Marcos
3/20/2022,261,Comal
3/20/2022,264,Comal
3/20/2022,656.48,J 17
3/20/2022,656.48,J 17
3/20/2022,858.82,J 27
3/20/2022,858.82,J 27
3/20/2022,175,San Marcos
3/20/2022,169,San Marcos
3/19/2022,261,Comal
3/19/2022,264,Comal
3/19/2022,656.72,J 17
3/19/2022,656.72,J 17
3/19/2022,858.92,J 27
3/19/2022,858.92,J 27
3/19/2022,175,San Marcos
3/19/2022,171,San Marcos
3/18/2022,260,Comal
3/18/2022,264,Comal
3/18/2022,657.11,J 17
3/18/2022,657.11,J 17
3/18/2022,859.01,J 27
3/18/2022,859.01,J 27
3/18/2022,177,San Marcos
3/18/2022,171,San Marcos
3/17/2022,265,Comal
3/17/2022,263,Comal
3/17/2022,657.25,J 17
3/17/2022,657.25,J 17
3/17/2022,859.07,J 27
3/17/2022,859.07,J 27
3/17/2022,178,San Marcos
3/17/2022,171,San Marcos
3/16/2022,266,Comal
3/16/2022,268,Comal
3/16/2022,657.82,J 17
3/16/2022,657.82,J 17
3/16/2022,859.13,J 27
3/16/2022,859.13,J 27
3/16/2022,175,San Marcos
3/16/2022,172,San Marcos
3/15/2022,268,Comal
3/15/2022,269,Comal
3/15/2022,658.49,J 17
3/15/2022,658.49,J 17
3/15/2022,859.21,J 27
3/15/2022,859.21,J 27
3/15/2022,174,San Marcos
3/15/2022,172,San Marcos
3/14/2022,269,Comal
3/14/2022,269,Comal
3/14/2022,659.14,J 17
3/14/2022,659.14,J 17
3/14/2022,859.25,J 27
3/14/2022,859.25,J 27
3/14/2022,174,San Marcos
3/14/2022,171,San Marcos
3/13/2022,267,Comal
3/13/2022,270,Comal
3/13/2022,659.38,J 17
3/13/2022,659.38,J 17
3/13/2022,859.28,J 27
3/13/2022,859.28,J 27
3/13/2022,175,San Marcos
3/13/2022,172,San Marcos
3/12/2022,265,Comal
3/12/2022,268,Comal
3/12/2022,658.9,J 17
3/12/2022,658.9,J 17
3/12/2022,859.31,J 27
3/12/2022,859.31,J 27
3/12/2022,175,San Marcos
3/12/2022,173,San Marcos
3/11/2022,267,Comal
3/11/2022,266,Comal
3/11/2022,658.84,J 17
3/11/2022,658.84,J 17
3/11/2022,859.37,J 27
3/11/2022,859.37,J 27
3/11/2022,172,San Marcos
3/11/2022,174,San Marcos
3/10/2022,269,Comal
3/10/2022,268,Comal
3/10/2022,658.91,J 17
3/10/2022,658.91,J 17
3/10/2022,859.42,J 27
3/10/2022,859.42,J 27
3/10/2022,173,San Marcos
3/10/2022,171,San Marcos
3/9/2022,273,Comal
3/9/2022,269,Comal
3/9/2022,658.55,J 17
3/9/2022,658.55,J 17
3/9/2022,859.46,J 27
3/9/2022,859.46,J 27
3/9/2022,175,San Marcos
3/9/2022,172,San Marcos
3/8/2022,275,Comal
3/8/2022,273,Comal
3/8/2022,658.53,J 17
3/8/2022,658.53,J 17
3/8/2022,859.51,J 27
3/8/2022,859.51,J 27
3/8/2022,175,San Marcos
3/8/2022,174,San Marcos
3/7/2022,278,Comal
3/7/2022,275,Comal
3/7/2022,658.01,J 17
3/7/2022,658.01,J 17
3/7/2022,859.57,J 27
3/7/2022,859.57,J 27
3/7/2022,174,San Marcos
3/7/2022,174,San Marcos
3/6/2022,278,Comal
3/6/2022,278,Comal
3/6/2022,658.72,J 17
3/6/2022,658.72,J 17
3/6/2022,859.62,J 27
3/6/2022,859.62,J 27
3/6/2022,174,San Marcos
3/6/2022,174,San Marcos
3/5/2022,278,Comal
3/5/2022,278,Comal
3/5/2022,658.99,J 17
3/5/2022,658.99,J 17
3/5/2022,859.67,J 27
3/5/2022,859.67,J 27
3/5/2022,175,San Marcos
3/5/2022,174,San Marcos
3/4/2022,279,Comal
3/4/2022,278,Comal
3/4/2022,659.94,J 17
3/4/2022,659.94,J 17
3/4/2022,859.74,J 27
3/4/2022,859.74,J 27
3/4/2022,174,San Marcos
3/4/2022,175,San Marcos
3/3/2022,281,Comal
3/3/2022,279,Comal
3/3/2022,660.34,J 17
3/3/2022,660.34,J 17
3/3/2022,859.81,J 27
3/3/2022,859.81,J 27
3/3/2022,174,San Marcos
3/3/2022,174,San Marcos
3/2/2022,281,Comal
3/2/2022,281,Comal
3/2/2022,660.89,J 17
3/2/2022,660.89,J 17
3/2/2022,859.84,J 27
3/2/2022,859.84,J 27
3/2/2022,174,San Marcos
3/2/2022,174,San Marcos
3/1/2022,280,Comal
3/1/2022,281,Comal
3/1/2022,661.58,J 17
3/1/2022,661.58,J 17
3/1/2022,859.87,J 27
3/1/2022,859.87,J 27
3/1/2022,173,San Marcos
3/1/2022,174,San Marcos
2/28/2022,280,Comal
2/28/2022,280,Comal
2/28/2022,661.86,J 17
2/28/2022,661.86,J 17
2/28/2022,859.91,J 27
2/28/2022,859.91,J 27
2/28/2022,173,San Marcos
2/28/2022,173,San Marcos
2/27/2022,280,Comal
2/27/2022,280,Comal
2/27/2022,662.69,J 17
2/27/2022,662.69,J 17
2/27/2022,859.94,J 27
2/27/2022,859.94,J 27
2/27/2022,174,San Marcos
2/27/2022,174,San Marcos
2/26/2022,280,Comal
2/26/2022,280,Comal
2/26/2022,662.57,J 17
2/26/2022,662.57,J 17
2/26/2022,859.98,J 27
2/26/2022,859.98,J 27
2/26/2022,174,San Marcos
2/26/2022,174,San Marcos
2/25/2022,281,Comal
2/25/2022,281,Comal
2/25/2022,662.57,J 17
2/25/2022,662.57,J 17
2/25/2022,860.01,J 27
2/25/2022,860.01,J 27
2/25/2022,174,San Marcos
2/25/2022,174,San Marcos
2/24/2022,286,Comal
2/24/2022,286,Comal
2/24/2022,662.81,J 17
2/24/2022,662.81,J 17
2/24/2022,860.04,J 27
2/24/2022,860.04,J 27
2/24/2022,174,San Marcos
2/24/2022,174,San Marcos
2/23/2022,292,Comal
2/23/2022,292,Comal
2/23/2022,663.66,J 17
2/23/2022,663.66,J 17
2/23/2022,860.07,J 27
2/23/2022,860.07,J 27
2/23/2022,175,San Marcos
2/23/2022,175,San Marcos
2/22/2022,293,Comal
2/22/2022,293,Comal
2/22/2022,664.29,J 17
2/22/2022,664.29,J 17
2/22/2022,860.1,J 27
2/22/2022,860.1,J 27
2/22/2022,175,San Marcos
2/22/2022,175,San Marcos
2/21/2022,295,Comal
2/21/2022,295,Comal
2/21/2022,664.93,J 17
2/21/2022,664.93,J 17
2/21/2022,860.13,J 27
2/21/2022,860.13,J 27
2/21/2022,175,San Marcos
2/21/2022,175,San Marcos
2/20/2022,296,Comal
2/20/2022,296,Comal
2/20/2022,665.01,J 17
2/20/2022,665.01,J 17
2/20/2022,860.15,J 27
2/20/2022,860.15,J 27
2/20/2022,175,San Marcos
2/20/2022,175,San Marcos
2/19/2022,293,Comal
2/19/2022,293,Comal
2/19/2022,664.97,J 17
2/19/2022,664.97,J 17
2/19/2022,860.18,J 27
2/19/2022,860.18,J 27
2/19/2022,175,San Marcos
2/19/2022,175,San Marcos
2/18/2022,293,Comal
2/18/2022,293,Comal
2/18/2022,665.22,J 17
2/18/2022,665.22,J 17
2/18/2022,860.22,J 27
2/18/2022,860.22,J 27
2/18/2022,174,San Marcos
2/18/2022,174,San Marcos
2/17/2022,292,Comal
2/17/2022,292,Comal
2/17/2022,665.46,J 17
2/17/2022,665.46,J 17
2/17/2022,860.27,J 27
2/17/2022,860.27,J 27
2/17/2022,174,San Marcos
2/17/2022,174,San Marcos
2/16/2022,292,Comal
2/16/2022,292,Comal
2/16/2022,665.56,J 17
2/16/2022,665.56,J 17
2/16/2022,860.27,J 27
2/16/2022,860.27,J 27
2/16/2022,173,San Marcos
2/16/2022,173,San Marcos
2/15/2022,287,Comal
2/15/2022,287,Comal
2/15/2022,665.82,J 17
2/15/2022,665.82,J 17
2/15/2022,860.29,J 27
2/15/2022,860.29,J 27
2/15/2022,173,San Marcos
2/15/2022,173,San Marcos
2/14/2022,285,Comal
2/14/2022,285,Comal
2/14/2022,665.62,J 17
2/14/2022,665.62,J 17
2/14/2022,860.3,J 27
2/14/2022,860.3,J 27
2/14/2022,172,San Marcos
2/14/2022,172,San Marcos
2/13/2022,282,Comal
2/13/2022,282,Comal
2/13/2022,665.97,J 17
2/13/2022,665.97,J 17
2/13/2022,860.33,J 27
2/13/2022,860.33,J 27
2/13/2022,171,San Marcos
2/13/2022,171,San Marcos
2/12/2022,280,Comal
2/12/2022,280,Comal
2/12/2022,665.77,J 17
2/12/2022,665.77,J 17
2/12/2022,860.4,J 27
2/12/2022,860.4,J 27
2/12/2022,170,San Marcos
2/12/2022,170,San Marcos
2/11/2022,277,Comal
2/11/2022,277,Comal
2/11/2022,665.76,J 17
2/11/2022,665.76,J 17
2/11/2022,860.46,J 27
2/11/2022,860.46,J 27
2/11/2022,171,San Marcos
2/11/2022,171,San Marcos
2/10/2022,279,Comal
2/10/2022,665.8,J 17
2/10/2022,860.52,J 27
2/10/2022,172,San Marcos
2/9/2022,281,Comal
2/9/2022,665.4,J 17
2/9/2022,860.59,J 27
2/9/2022,174,San Marcos
2/8/2022,282,Comal
2/8/2022,665.19,J 17
2/8/2022,860.62,J 27
2/8/2022,174,San Marcos
2/7/2022,283,Comal
2/7/2022,664.99,J 17
2/7/2022,860.64,J 27
2/7/2022,169,San Marcos
2/6/2022,280,Comal
2/6/2022,665.09,J 17
2/6/2022,860.65,J 27
2/6/2022,169,San Marcos
2/5/2022,281,Comal
2/5/2022,664.62,J 17
2/5/2022,860.65,J 27
2/5/2022,166,San Marcos
2/4/2022,279,Comal
2/4/2022,664.53,J 17
2/4/2022,860.66,J 27
2/4/2022,160,San Marcos
2/3/2022,277,Comal
2/3/2022,663.88,J 17
2/3/2022,860.69,J 27
2/3/2022,154,San Marcos
2/2/2022,275,Comal
2/2/2022,662.8,J 17
2/2/2022,860.71,J 27
2/2/2022,149,San Marcos
2/1/2022,274,Comal
2/1/2022,663.03,J 17
2/1/2022,860.72,J 27
2/1/2022,148,San Marcos
1/31/2022,274,Comal
1/31/2022,662.35,J 17
1/31/2022,860.73,J 27
1/31/2022,152,San Marcos
1/30/2022,272,Comal
1/30/2022,662.41,J 17
1/30/2022,860.75,J 27
1/30/2022,146,San Marcos
1/29/2022,271,Comal
1/29/2022,662.19,J 17
1/29/2022,860.76,J 27
1/29/2022,148,San Marcos
1/28/2022,272,Comal
1/28/2022,662.08,J 17
1/28/2022,860.82,J 27
1/28/2022,151,San Marcos
1/27/2022,272,Comal
1/27/2022,662.26,J 17
1/27/2022,860.84,J 27
1/27/2022,151,San Marcos
1/26/2022,272,Comal
1/26/2022,662.42,J 17
1/26/2022,860.86,J 27
1/26/2022,151,San Marcos
1/25/2022,272,Comal
1/25/2022,662.46,J 17
1/25/2022,860.89,J 27
1/25/2022,152,San Marcos
1/24/2022,273,Comal
1/24/2022,662.81,J 17
1/24/2022,860.87,J 27
1/24/2022,153,San Marcos
1/23/2022,272,Comal
1/23/2022,663.14,J 17
1/23/2022,860.87,J 27
1/23/2022,150,San Marcos
1/22/2022,272,Comal
1/22/2022,662.88,J 17
1/22/2022,860.89,J 27
1/22/2022,151,San Marcos
1/21/2022,272,Comal
1/21/2022,662.51,J 17
1/21/2022,860.91,J 27
1/21/2022,153,San Marcos
1/20/2022,272,Comal
1/20/2022,662.89,J 17
1/20/2022,860.95,J 27
1/20/2022,154,San Marcos
1/19/2022,272,Comal
1/19/2022,662.89,J 17
1/19/2022,861,J 27
1/19/2022,156,San Marcos
1/18/2022,272,Comal
1/18/2022,663.2,J 17
1/18/2022,861.04,J 27
1/18/2022,156,San Marcos
1/17/2022,272,Comal
1/17/2022,662.87,J 17
1/17/2022,861.07,J 27
1/17/2022,157,San Marcos
1/16/2022,272,Comal
1/16/2022,663.03,J 17
1/16/2022,861.09,J 27
1/16/2022,157,San Marcos
1/15/2022,273,Comal
1/15/2022,662.98,J 17
1/15/2022,861.08,J 27
1/15/2022,157,San Marcos
1/14/2022,274,Comal
1/14/2022,662.8,J 17
1/14/2022,861.07,J 27
1/14/2022,159,San Marcos
1/13/2022,274,Comal
1/13/2022,662.93,J 17
1/13/2022,861.07,J 27
1/13/2022,160,San Marcos
1/12/2022,274,Comal
1/12/2022,663.2,J 17
1/12/2022,861.09,J 27
1/12/2022,162,San Marcos
1/11/2022,275,Comal
1/11/2022,663.19,J 17
1/11/2022,861.1,J 27
1/11/2022,164,San Marcos
1/10/2022,274,Comal
1/10/2022,663.19,J 17
1/10/2022,861.12,J 27
1/10/2022,166,San Marcos
1/9/2022,273,Comal
1/9/2022,663.22,J 17
1/9/2022,861.17,J 27
1/9/2022,169,San Marcos
1/8/2022,273,Comal
1/8/2022,662.86,J 17
1/8/2022,861.2,J 27
1/8/2022,171,San Marcos
1/7/2022,274,Comal
1/7/2022,662.73,J 17
1/7/2022,861.22,J 27
1/7/2022,174,San Marcos
1/6/2022,274,Comal
1/6/2022,662.87,J 17
1/6/2022,861.26,J 27
1/6/2022,175,San Marcos
1/5/2022,274,Comal
1/5/2022,662.89,J 17
1/5/2022,861.27,J 27
1/5/2022,174,San Marcos
1/4/2022,274,Comal
1/4/2022,663.02,J 17
1/4/2022,861.27,J 27
1/4/2022,174,San Marcos
1/3/2022,276,Comal
1/3/2022,663.25,J 17
1/3/2022,861.27,J 27
1/3/2022,174,San Marcos
1/2/2022,278,Comal
1/2/2022,663.63,J 17
1/2/2022,861.32,J 27
1/2/2022,173,San Marcos
1/1/2022,279,Comal
1/1/2022,663.84,J 17
1/1/2022,861.35,J 27
1/1/2022,174,San Marcos
12/31/2021,283,Comal
12/31/2021,663.59,J 17
12/31/2021,861.36,J 27
12/31/2021,178,San Marcos
12/30/2021,282,Comal
12/30/2021,663.83,J 17
12/30/2021,861.37,J 27
12/30/2021,177,San Marcos
12/29/2021,281,Comal
12/29/2021,663.99,J 17
12/29/2021,861.39,J 27
12/29/2021,178,San Marcos
12/28/2021,282,Comal
12/28/2021,664.44,J 17
12/28/2021,861.41,J 27
12/28/2021,180,San Marcos
12/27/2021,282,Comal
12/27/2021,664.7,J 17
12/27/2021,861.44,J 27
12/27/2021,182,San Marcos
12/26/2021,283,Comal
12/26/2021,664.89,J 17
12/26/2021,861.45,J 27
12/26/2021,183,San Marcos
12/25/2021,282,Comal
12/25/2021,664.55,J 17
12/25/2021,861.45,J 27
12/25/2021,183,San Marcos
12/24/2021,282,Comal
12/24/2021,664.14,J 17
12/24/2021,861.46,J 27
12/24/2021,184,San Marcos
12/23/2021,280,Comal
12/23/2021,664.33,J 17
12/23/2021,861.47,J 27
12/23/2021,184,San Marcos
12/22/2021,280,Comal
12/22/2021,664.33,J 17
12/22/2021,861.48,J 27
12/22/2021,184,San Marcos
12/21/2021,279,Comal
12/21/2021,664.59,J 17
12/21/2021,861.47,J 27
12/21/2021,181,San Marcos
12/20/2021,279,Comal
12/20/2021,664.53,J 17
12/20/2021,861.45,J 27
12/20/2021,183,San Marcos
12/19/2021,279,Comal
12/19/2021,664.32,J 17
12/19/2021,861.46,J 27
12/19/2021,180,San Marcos
12/18/2021,278,Comal
12/18/2021,663.51,J 17
12/18/2021,861.48,J 27
12/18/2021,178,San Marcos
12/17/2021,278,Comal
12/17/2021,663.12,J 17
12/17/2021,861.49,J 27
12/17/2021,173,San Marcos
12/16/2021,277,Comal
12/16/2021,663.2,J 17
12/16/2021,861.5,J 27
12/16/2021,173,San Marcos
12/15/2021,276,Comal
12/15/2021,663.23,J 17
12/15/2021,861.51,J 27
12/15/2021,171,San Marcos
12/14/2021,275,Comal
12/14/2021,663.18,J 17
12/14/2021,861.52,J 27
12/14/2021,172,San Marcos
12/13/2021,274,Comal
12/13/2021,662.66,J 17
12/13/2021,861.52,J 27
12/13/2021,172,San Marcos
12/12/2021,274,Comal
12/12/2021,662.97,J 17
12/12/2021,861.53,J 27
12/12/2021,165,San Marcos
12/11/2021,274,Comal
12/11/2021,662.03,J 17
12/11/2021,861.57,J 27
12/11/2021,166,San Marcos
12/10/2021,276,Comal
12/10/2021,662.37,J 17
12/10/2021,861.58,J 27
12/10/2021,167,San Marcos
12/9/2021,277,Comal
12/9/2021,662.8,J 17
12/9/2021,861.58,J 27
12/9/2021,168,San Marcos
12/8/2021,278,Comal
12/8/2021,663.38,J 17
12/8/2021,861.58,J 27
12/8/2021,170,San Marcos
12/7/2021,279,Comal
12/7/2021,664,J 17
12/7/2021,861.59,J 27
12/7/2021,171,San Marcos
12/6/2021,280,Comal
12/6/2021,665.18,J 17
12/6/2021,861.59,J 27
12/6/2021,172,San Marcos
12/5/2021,282,Comal
12/5/2021,665.34,J 17
12/5/2021,861.6,J 27
12/5/2021,174,San Marcos
12/4/2021,283,Comal
12/4/2021,665.68,J 17
12/4/2021,861.59,J 27
12/4/2021,176,San Marcos
12/3/2021,283,Comal
12/3/2021,665.6,J 17
12/3/2021,861.59,J 27
12/3/2021,179,San Marcos
12/2/2021,284,Comal
12/2/2021,665.62,J 17
12/2/2021,861.59,J 27
12/2/2021,181,San Marcos
12/1/2021,284,Comal
12/1/2021,665.7,J 17
12/1/2021,861.6,J 27
12/1/2021,184,San Marcos
11/30/2021,285,Comal
11/30/2021,665.65,J 17
11/30/2021,861.6,J 27
11/30/2021,187,San Marcos
11/29/2021,283,Comal
11/29/2021,665.8,J 17
11/29/2021,861.6,J 27
11/29/2021,190,San Marcos
11/28/2021,283,Comal
11/28/2021,665.96,J 17
11/28/2021,861.6,J 27
11/28/2021,193,San Marcos
11/27/2021,284,Comal
11/27/2021,665.43,J 17
11/27/2021,861.59,J 27
11/27/2021,194,San Marcos
11/26/2021,284,Comal
11/26/2021,665.05,J 17
11/26/2021,861.58,J 27
11/26/2021,195,San Marcos
11/25/2021,285,Comal
11/25/2021,664.57,J 17
11/25/2021,861.56,J 27
11/25/2021,196,San Marcos
11/24/2021,285,Comal
11/24/2021,664.78,J 17
11/24/2021,861.57,J 27
11/24/2021,197,San Marcos
11/23/2021,285,Comal
11/23/2021,664.79,J 17
11/23/2021,861.58,J 27
11/23/2021,202,San Marcos
11/22/2021,285,Comal
11/22/2021,665.05,J 17
11/22/2021,861.59,J 27
11/22/2021,204,San Marcos
11/21/2021,286,Comal
11/21/2021,665.5,J 17
11/21/2021,861.6,J 27
11/21/2021,205,San Marcos
11/20/2021,287,Comal
11/20/2021,665.33,J 17
11/20/2021,861.61,J 27
11/20/2021,207,San Marcos
11/19/2021,285,Comal
11/19/2021,665.07,J 17
11/19/2021,861.62,J 27
11/19/2021,206,San Marcos
11/18/2021,286,Comal
11/18/2021,665.34,J 17
11/18/2021,861.65,J 27
11/18/2021,206,San Marcos
11/17/2021,288,Comal
11/17/2021,665.43,J 17
11/17/2021,861.66,J 27
11/17/2021,207,San Marcos
11/16/2021,289,Comal
11/16/2021,665.94,J 17
11/16/2021,861.67,J 27
11/16/2021,208,San Marcos
11/15/2021,289,Comal
11/15/2021,666.37,J 17
11/15/2021,861.68,J 27
11/15/2021,208,San Marcos
11/14/2021,289,Comal
11/14/2021,666.6,J 17
11/14/2021,861.69,J 27
11/14/2021,208,San Marcos
11/13/2021,289,Comal
11/13/2021,666.36,J 17
11/13/2021,861.7,J 27
11/13/2021,207,San Marcos
11/12/2021,289,Comal
11/12/2021,666.7,J 17
11/12/2021,861.72,J 27
11/12/2021,206,San Marcos
11/11/2021,289,Comal
11/11/2021,666.51,J 17
11/11/2021,861.74,J 27
11/11/2021,207,San Marcos
11/10/2021,289,Comal
11/10/2021,666.89,J 17
11/10/2021,861.74,J 27
11/10/2021,207,San Marcos
11/9/2021,289,Comal
11/9/2021,666.76,J 17
11/9/2021,861.73,J 27
11/9/2021,206,San Marcos
11/8/2021,289,Comal
11/8/2021,666.86,J 17
11/8/2021,861.73,J 27
11/8/2021,206,San Marcos
11/7/2021,289,Comal
11/7/2021,667.43,J 17
11/7/2021,861.74,J 27
11/7/2021,207,San Marcos
11/6/2021,289,Comal
11/6/2021,667.01,J 17
11/6/2021,861.73,J 27
11/6/2021,208,San Marcos
11/5/2021,294,Comal
11/5/2021,666.65,J 17
11/5/2021,861.73,J 27
11/5/2021,208,San Marcos
11/4/2021,291,Comal
11/4/2021,666.57,J 17
11/4/2021,861.73,J 27
11/4/2021,209,San Marcos
11/3/2021,289,Comal
11/3/2021,665.82,J 17
11/3/2021,861.75,J 27
11/3/2021,209,San Marcos
11/2/2021,286,Comal
11/2/2021,666.05,J 17
11/2/2021,861.79,J 27
11/2/2021,209,San Marcos
11/1/2021,288,Comal
11/1/2021,666.82,J 17
11/1/2021,861.84,J 27
11/1/2021,210,San Marcos
10/31/2021,288,Comal
10/31/2021,666.92,J 17
10/31/2021,861.87,J 27
10/31/2021,211,San Marcos
10/30/2021,288,Comal
10/30/2021,666.88,J 17
10/30/2021,861.88,J 27
10/30/2021,212,San Marcos
10/29/2021,288,Comal
10/29/2021,666.84,J 17
10/29/2021,861.86,J 27
10/29/2021,213,San Marcos
10/28/2021,287,Comal
10/28/2021,666.62,J 17
10/28/2021,861.88,J 27
10/28/2021,216,San Marcos
10/27/2021,286,Comal
10/27/2021,666.02,J 17
10/27/2021,861.91,J 27
10/27/2021,216,San Marcos
10/26/2021,286,Comal
10/26/2021,665.65,J 17
10/26/2021,861.91,J 27
10/26/2021,216,San Marcos
10/25/2021,287,Comal
10/25/2021,665.99,J 17
10/25/2021,861.94,J 27
10/25/2021,222,San Marcos
10/24/2021,291,Comal
10/24/2021,666.23,J 17
10/24/2021,861.96,J 27
10/24/2021,220,San Marcos
10/23/2021,289,Comal
10/23/2021,666.15,J 17
10/23/2021,861.97,J 27
10/23/2021,220,San Marcos
10/22/2021,286,Comal
10/22/2021,665.65,J 17
10/22/2021,861.97,J 27
10/22/2021,220,San Marcos
10/21/2021,286,Comal
10/21/2021,665.72,J 17
10/21/2021,861.98,J 27
10/21/2021,220,San Marcos
10/20/2021,286,Comal
10/20/2021,665.73,J 17
10/20/2021,862,J 27
10/20/2021,219,San Marcos
10/19/2021,285,Comal
10/19/2021,665.76,J 17
10/19/2021,862.02,J 27
10/19/2021,220,San Marcos
10/18/2021,287,Comal
10/18/2021,665.95,J 17
10/18/2021,862.01,J 27
10/18/2021,220,San Marcos
10/17/2021,280,Comal
10/17/2021,665.53,J 17
10/17/2021,862,J 27
10/17/2021,147,San Marcos
10/16/2021,272,Comal
10/16/2021,664.71,J 17
10/16/2021,862,J 27
10/16/2021,188,San Marcos
10/15/2021,265,Comal
10/15/2021,664.13,J 17
10/15/2021,862.03,J 27
10/15/2021,178,San Marcos
10/14/2021,265,Comal
10/14/2021,662.82,J 17
10/14/2021,862.03,J 27
10/14/2021,169,San Marcos
10/13/2021,259,Comal
10/13/2021,659.22,J 17
10/13/2021,862.03,J 27
10/13/2021,148,San Marcos
10/12/2021,245,Comal
10/12/2021,659.11,J 17
10/12/2021,862.03,J 27
10/12/2021,137,San Marcos
10/11/2021,244,Comal
10/11/2021,658.87,J 17
10/11/2021,862.04,J 27
10/11/2021,137,San Marcos
10/10/2021,244,Comal
10/10/2021,659.17,J 17
10/10/2021,862.05,J 27
10/10/2021,137,San Marcos
10/9/2021,243,Comal
10/9/2021,658.69,J 17
10/9/2021,862.05,J 27
10/9/2021,137,San Marcos
10/8/2021,241,Comal
10/8/2021,658.74,J 17
10/8/2021,862.05,J 27
10/8/2021,136,San Marcos
10/7/2021,244,Comal
10/7/2021,659.16,J 17
10/7/2021,862.05,J 27
10/7/2021,133,San Marcos
10/6/2021,247,Comal
10/6/2021,659.61,J 17
10/6/2021,862.06,J 27
10/6/2021,133,San Marcos
10/5/2021,248,Comal
10/5/2021,659.86,J 17
10/5/2021,862.06,J 27
10/5/2021,134,San Marcos
10/4/2021,249,Comal
10/4/2021,660.3,J 17
10/4/2021,862.06,J 27
10/4/2021,134,San Marcos
10/3/2021,251,Comal
10/3/2021,660.31,J 17
10/3/2021,862.06,J 27
10/3/2021,135,San Marcos
10/2/2021,273,Comal
10/2/2021,659.79,J 17
10/2/2021,862.04,J 27
10/2/2021,145,San Marcos
10/1/2021,274,Comal
10/1/2021,659.41,J 17
10/1/2021,862.01,J 27
10/1/2021,146,San Marcos
9/30/2021,275,Comal
9/30/2021,658.75,J 17
9/30/2021,861.99,J 27
9/30/2021,147,San Marcos
9/29/2021,277,Comal
9/29/2021,658.06,J 17
9/29/2021,862,J 27
9/29/2021,149,San Marcos
9/28/2021,269,Comal
9/28/2021,656.7,J 17
9/28/2021,862.02,J 27
9/28/2021,147,San Marcos
9/27/2021,263,Comal
9/27/2021,657.61,J 17
9/27/2021,862.04,J 27
9/27/2021,141,San Marcos
9/26/2021,266,Comal
9/26/2021,658.12,J 17
9/26/2021,862.08,J 27
9/26/2021,142,San Marcos
9/25/2021,267,Comal
9/25/2021,657.99,J 17
9/25/2021,862.11,J 27
9/25/2021,143,San Marcos
9/24/2021,267,Comal
9/24/2021,657.62,J 17
9/24/2021,862.13,J 27
9/24/2021,141,San Marcos
9/23/2021,263,Comal
9/23/2021,657.7,J 17
9/23/2021,862.15,J 27
9/23/2021,142,San Marcos
9/22/2021,263,Comal
9/22/2021,658.02,J 17
9/22/2021,862.17,J 27
9/22/2021,142,San Marcos
9/21/2021,264,Comal
9/21/2021,658.2,J 17
9/21/2021,862.19,J 27
9/21/2021,142,San Marcos
9/20/2021,265,Comal
9/20/2021,658.84,J 17
9/20/2021,862.22,J 27
9/20/2021,144,San Marcos
9/19/2021,267,Comal
9/19/2021,659.43,J 17
9/19/2021,862.24,J 27
9/19/2021,146,San Marcos
9/18/2021,268,Comal
9/18/2021,658.76,J 17
9/18/2021,862.25,J 27
9/18/2021,146,San Marcos
9/17/2021,258,Comal
9/17/2021,658.8,J 17
9/17/2021,862.28,J 27
9/17/2021,150,San Marcos
9/16/2021,259,Comal
9/16/2021,659.28,J 17
9/16/2021,862.31,J 27
9/16/2021,150,San Marcos
9/15/2021,260,Comal
9/15/2021,659.75,J 17
9/15/2021,862.34,J 27
9/15/2021,149,San Marcos
9/14/2021,261,Comal
9/14/2021,659.9,J 17
9/14/2021,862.36,J 27
9/14/2021,150,San Marcos
9/13/2021,258,Comal
9/13/2021,659.99,J 17
9/13/2021,862.38,J 27
9/13/2021,151,San Marcos
9/12/2021,260,Comal
9/12/2021,659.22,J 17
9/12/2021,862.4,J 27
9/12/2021,151,San Marcos
9/11/2021,259,Comal
9/11/2021,659.72,J 17
9/11/2021,862.44,J 27
9/11/2021,152,San Marcos
9/10/2021,258,Comal
9/10/2021,659.6,J 17
9/10/2021,862.47,J 27
9/10/2021,153,San Marcos
9/9/2021,259,Comal
9/9/2021,659.76,J 17
9/9/2021,862.5,J 27
9/9/2021,152,San Marcos
9/8/2021,264,Comal
9/8/2021,660.24,J 17
9/8/2021,862.53,J 27
9/8/2021,150,San Marcos
9/7/2021,262,Comal
9/7/2021,660.06,J 17
9/7/2021,862.57,J 27
9/7/2021,153,San Marcos
9/6/2021,262,Comal
9/6/2021,659.8,J 17
9/6/2021,862.56,J 27
9/6/2021,154,San Marcos
9/5/2021,264,Comal
9/5/2021,659.9,J 17
9/5/2021,862.58,J 27
9/5/2021,156,San Marcos
9/4/2021,265,Comal
9/4/2021,659.49,J 17
9/4/2021,862.61,J 27
9/4/2021,156,San Marcos
9/3/2021,269,Comal
9/3/2021,658.7,J 17
9/3/2021,862.65,J 27
9/3/2021,155,San Marcos
9/2/2021,270,Comal
9/2/2021,659.44,J 17
9/2/2021,862.69,J 27
9/2/2021,154,San Marcos
9/1/2021,272,Comal
9/1/2021,660.1,J 17
9/1/2021,862.73,J 27
9/1/2021,152,San Marcos
8/31/2021,275,Comal
8/31/2021,660.25,J 17
8/31/2021,862.75,J 27
8/31/2021,152,San Marcos
8/30/2021,278,Comal
8/30/2021,660.2,J 17
8/30/2021,862.77,J 27
8/30/2021,157,San Marcos
8/29/2021,274,Comal
8/29/2021,660.46,J 17
8/29/2021,862.8,J 27
8/29/2021,154,San Marcos
8/28/2021,271,Comal
8/28/2021,659.39,J 17
8/28/2021,862.84,J 27
8/28/2021,154,San Marcos
8/27/2021,268,Comal
8/27/2021,658.54,J 17
8/27/2021,862.87,J 27
8/27/2021,155,San Marcos
8/26/2021,270,Comal
8/26/2021,659.03,J 17
8/26/2021,862.9,J 27
8/26/2021,156,San Marcos
8/25/2021,271,Comal
8/25/2021,659.32,J 17
8/25/2021,862.94,J 27
8/25/2021,156,San Marcos
8/24/2021,277,Comal
8/24/2021,660.06,J 17
8/24/2021,862.98,J 27
8/24/2021,156,San Marcos
8/23/2021,286,Comal
8/23/2021,660.92,J 17
8/23/2021,863.02,J 27
8/23/2021,157,San Marcos
8/22/2021,286,Comal
8/22/2021,661.59,J 17
8/22/2021,863.06,J 27
8/22/2021,159,San Marcos
8/21/2021,286,Comal
8/21/2021,661.78,J 17
8/21/2021,863.1,J 27
8/21/2021,160,San Marcos
8/20/2021,285,Comal
8/20/2021,662.23,J 17
8/20/2021,863.12,J 27
8/20/2021,161,San Marcos
8/19/2021,287,Comal
8/19/2021,663.15,J 17
8/19/2021,863.14,J 27
8/19/2021,160,San Marcos
8/18/2021,289,Comal
8/18/2021,663.39,J 17
8/18/2021,863.15,J 27
8/18/2021,159,San Marcos
8/17/2021,291,Comal
8/17/2021,664.01,J 17
8/17/2021,863.17,J 27
8/17/2021,159,San Marcos
8/16/2021,289,Comal
8/16/2021,664.63,J 17
8/16/2021,863.2,J 27
8/16/2021,160,San Marcos
8/15/2021,292,Comal
8/15/2021,664.7,J 17
8/15/2021,863.23,J 27
8/15/2021,161,San Marcos
8/14/2021,293,Comal
8/14/2021,664.62,J 17
8/14/2021,863.29,J 27
8/14/2021,163,San Marcos
8/13/2021,291,Comal
8/13/2021,665.01,J 17
8/13/2021,863.29,J 27
8/13/2021,163,San Marcos
8/12/2021,293,Comal
8/12/2021,665.56,J 17
8/12/2021,863.31,J 27
8/12/2021,162,San Marcos
8/11/2021,294,Comal
8/11/2021,666.13,J 17
8/11/2021,863.29,J 27
8/11/2021,162,San Marcos
8/10/2021,295,Comal
8/10/2021,666.74,J 17
8/10/2021,863.26,J 27
8/10/2021,160,San Marcos
8/9/2021,297,Comal
8/9/2021,667.38,J 17
8/9/2021,863.27,J 27
8/9/2021,162,San Marcos
8/8/2021,299,Comal
8/8/2021,667.7,J 17
8/8/2021,863.27,J 27
8/8/2021,165,San Marcos
8/7/2021,301,Comal
8/7/2021,667.37,J 17
8/7/2021,863.24,J 27
8/7/2021,165,San Marcos
8/6/2021,304,Comal
8/6/2021,667.18,J 17
8/6/2021,863.25,J 27
8/6/2021,166,San Marcos
8/5/2021,304,Comal
8/5/2021,666.52,J 17
8/5/2021,863.13,J 27
8/5/2021,166,San Marcos
8/4/2021,304,Comal
8/4/2021,666.45,J 17
8/4/2021,863.09,J 27
8/4/2021,164,San Marcos
8/3/2021,302,Comal
8/3/2021,665.98,J 17
8/3/2021,863.08,J 27
8/3/2021,163,San Marcos
8/2/2021,302,Comal
8/2/2021,665.59,J 17
8/2/2021,863.03,J 27
8/2/2021,166,San Marcos
8/1/2021,303,Comal
8/1/2021,665.92,J 17
8/1/2021,863.02,J 27
8/1/2021,164,San Marcos
7/31/2021,304,Comal
7/31/2021,666.11,J 17
7/31/2021,863.08,J 27
7/31/2021,165,San Marcos
7/30/2021,305,Comal
7/30/2021,666.6,J 17
7/30/2021,863.16,J 27
7/30/2021,166,San Marcos
7/29/2021,304,Comal
7/29/2021,667.43,J 17
7/29/2021,863.43,J 27
7/29/2021,166,San Marcos
7/28/2021,303,Comal
7/28/2021,668.35,J 17
7/28/2021,863.36,J 27
7/28/2021,166,San Marcos
7/27/2021,305,Comal
7/27/2021,668.99,J 17
7/27/2021,863.46,J 27
7/27/2021,167,San Marcos
7/26/2021,308,Comal
7/26/2021,669.78,J 17
7/26/2021,863.55,J 27
7/26/2021,167,San Marcos
7/25/2021,312,Comal
7/25/2021,670.42,J 17
7/25/2021,863.58,J 27
7/25/2021,169,San Marcos
7/24/2021,312,Comal
7/24/2021,670.4,J 17
7/24/2021,863.61,J 27
7/24/2021,170,San Marcos
7/23/2021,313,Comal
7/23/2021,670.21,J 17
7/23/2021,863.65,J 27
7/23/2021,172,San Marcos
7/22/2021,308,Comal
7/22/2021,670.09,J 17
7/22/2021,863.68,J 27
7/22/2021,171,San Marcos
7/21/2021,302,Comal
7/21/2021,670.39,J 17
7/21/2021,863.74,J 27
7/21/2021,170,San Marcos
7/20/2021,297,Comal
7/20/2021,670.34,J 17
7/20/2021,863.79,J 27
7/20/2021,169,San Marcos
7/19/2021,292,Comal
7/19/2021,670.42,J 17
7/19/2021,863.82,J 27
7/19/2021,169,San Marcos
7/18/2021,287,Comal
7/18/2021,670.84,J 17
7/18/2021,863.86,J 27
7/18/2021,169,San Marcos
7/17/2021,288,Comal
7/17/2021,670.79,J 17
7/17/2021,863.9,J 27
7/17/2021,169,San Marcos
7/16/2021,288,Comal
7/16/2021,670.91,J 17
7/16/2021,863.95,J 27
7/16/2021,169,San Marcos
7/15/2021,288,Comal
7/15/2021,671.06,J 17
7/15/2021,864.03,J 27
7/15/2021,169,San Marcos
7/14/2021,285,Comal
7/14/2021,671.15,J 17
7/14/2021,864.07,J 27
7/14/2021,169,San Marcos
7/13/2021,282,Comal
7/13/2021,670.62,J 17
7/13/2021,864.09,J 27
7/13/2021,169,San Marcos
7/12/2021,279,Comal
7/12/2021,670.57,J 17
7/12/2021,864.12,J 27
7/12/2021,169,San Marcos
7/11/2021,283,Comal
7/11/2021,670.23,J 17
7/11/2021,864.13,J 27
7/11/2021,169,San Marcos
7/10/2021,281,Comal
7/10/2021,668.9,J 17
7/10/2021,864.12,J 27
7/10/2021,169,San Marcos
7/9/2021,278,Comal
7/9/2021,667.08,J 17
7/9/2021,864.12,J 27
7/9/2021,168,San Marcos
7/8/2021,276,Comal
7/8/2021,666.2,J 17
7/8/2021,864.16,J 27
7/8/2021,168,San Marcos
7/7/2021,275,Comal
7/7/2021,665.27,J 17
7/7/2021,864.21,J 27
7/7/2021,166,San Marcos
7/6/2021,275,Comal
7/6/2021,663.67,J 17
7/6/2021,864.23,J 27
7/6/2021,166,San Marcos
7/5/2021,276,Comal
7/5/2021,661.47,J 17
7/5/2021,864.26,J 27
7/5/2021,160,San Marcos
7/4/2021,276,Comal
7/4/2021,661.33,J 17
7/4/2021,864.29,J 27
7/4/2021,161,San Marcos
7/3/2021,276,Comal
7/3/2021,660.75,J 17
7/3/2021,864.34,J 27
7/3/2021,162,San Marcos
7/2/2021,276,Comal
7/2/2021,660.96,J 17
7/2/2021,864.39,J 27
7/2/2021,169,San Marcos
7/1/2021,274,Comal
7/1/2021,661.32,J 17
7/1/2021,864.46,J 27
7/1/2021,170,San Marcos
6/30/2021,275,Comal
6/30/2021,661.17,J 17
6/30/2021,864.5,J 27
6/30/2021,165,San Marcos
6/29/2021,277,Comal
6/29/2021,660.92,J 17
6/29/2021,864.55,J 27
6/29/2021,169,San Marcos
6/28/2021,275,Comal
6/28/2021,661.15,J 17
6/28/2021,864.61,J 27
6/28/2021,166,San Marcos
6/27/2021,275,Comal
6/27/2021,661.06,J 17
6/27/2021,864.66,J 27
6/27/2021,164,San Marcos
6/26/2021,277,Comal
6/26/2021,661.46,J 17
6/26/2021,864.73,J 27
6/26/2021,165,San Marcos
6/25/2021,276,Comal
6/25/2021,661.72,J 17
6/25/2021,864.82,J 27
6/25/2021,167,San Marcos
6/24/2021,276,Comal
6/24/2021,662.71,J 17
6/24/2021,864.94,J 27
6/24/2021,168,San Marcos
6/23/2021,279,Comal
6/23/2021,663.47,J 17
6/23/2021,865.08,J 27
6/23/2021,168,San Marcos
6/22/2021,282,Comal
6/22/2021,663.62,J 17
6/22/2021,865.2,J 27
6/22/2021,169,San Marcos
6/21/2021,287,Comal
6/21/2021,664.61,J 17
6/21/2021,865.3,J 27
6/21/2021,169,San Marcos
6/20/2021,287,Comal
6/20/2021,665.04,J 17
6/20/2021,865.35,J 27
6/20/2021,171,San Marcos
6/19/2021,288,Comal
6/19/2021,665.45,J 17
6/19/2021,865.42,J 27
6/19/2021,172,San Marcos
6/18/2021,288,Comal
6/18/2021,665.93,J 17
6/18/2021,865.52,J 27
6/18/2021,174,San Marcos
6/17/2021,291,Comal
6/17/2021,666.61,J 17
6/17/2021,865.64,J 27
6/17/2021,174,San Marcos
6/16/2021,292,Comal
6/16/2021,667.61,J 17
6/16/2021,865.75,J 27
6/16/2021,174,San Marcos
6/15/2021,293,Comal
6/15/2021,668.36,J 17
6/15/2021,865.83,J 27
6/15/2021,174,San Marcos
6/14/2021,296,Comal
6/14/2021,669.45,J 17
6/14/2021,865.94,J 27
6/14/2021,175,San Marcos
6/13/2021,298,Comal
6/13/2021,670.22,J 17
6/13/2021,866.02,J 27
6/13/2021,177,San Marcos
6/12/2021,301,Comal
6/12/2021,670.54,J 17
6/12/2021,866.05,J 27
6/12/2021,178,San Marcos
6/11/2021,301,Comal
6/11/2021,670.91,J 17
6/11/2021,866.07,J 27
6/11/2021,180,San Marcos
6/10/2021,302,Comal
6/10/2021,670.77,J 17
6/10/2021,866.07,J 27
6/10/2021,182,San Marcos
6/9/2021,302,Comal
6/9/2021,671.15,J 17
6/9/2021,866.05,J 27
6/9/2021,181,San Marcos
6/8/2021,303,Comal
6/8/2021,671.1,J 17
6/8/2021,866.04,J 27
6/8/2021,181,San Marcos
6/7/2021,307,Comal
6/7/2021,671.27,J 17
6/7/2021,866.04,J 27
6/7/2021,180,San Marcos
6/6/2021,312,Comal
6/6/2021,671.14,J 17
6/6/2021,866.02,J 27
6/6/2021,175,San Marcos
6/5/2021,316,Comal
6/5/2021,670.35,J 17
6/5/2021,866,J 27
6/5/2021,173,San Marcos
6/4/2021,321,Comal
6/4/2021,669.68,J 17
6/4/2021,865.97,J 27
6/4/2021,167,San Marcos
6/3/2021,325,Comal
6/3/2021,669.24,J 17
6/3/2021,865.93,J 27
6/3/2021,161,San Marcos
6/2/2021,330,Comal
6/2/2021,669.37,J 17
6/2/2021,865.93,J 27
6/2/2021,155,San Marcos
6/1/2021,324,Comal
6/1/2021,669.15,J 17
6/1/2021,865.89,J 27
6/1/2021,154,San Marcos
5/31/2021,318,Comal
5/31/2021,668.8,J 17
5/31/2021,865.86,J 27
5/31/2021,153,San Marcos
5/30/2021,308,Comal
5/30/2021,668.27,J 17
5/30/2021,865.84,J 27
5/30/2021,155,San Marcos
5/29/2021,298,Comal
5/29/2021,667.42,J 17
5/29/2021,865.81,J 27
5/29/2021,156,San Marcos
5/28/2021,289,Comal
5/28/2021,666.09,J 17
5/28/2021,865.8,J 27
5/28/2021,156,San Marcos
5/27/2021,280,Comal
5/27/2021,666.18,J 17
5/27/2021,865.81,J 27
5/27/2021,157,San Marcos
5/26/2021,281,Comal
5/26/2021,666.76,J 17
5/26/2021,865.8,J 27
5/26/2021,158,San Marcos
5/25/2021,282,Comal
5/25/2021,667.43,J 17
5/25/2021,865.83,J 27
5/25/2021,157,San Marcos
5/24/2021,280,Comal
5/24/2021,666.96,J 17
5/24/2021,865.84,J 27
5/24/2021,156,San Marcos
5/23/2021,279,Comal
5/23/2021,666.53,J 17
5/23/2021,865.82,J 27
5/23/2021,155,San Marcos
5/22/2021,276,Comal
5/22/2021,666.29,J 17
5/22/2021,865.78,J 27
5/22/2021,150,San Marcos
5/21/2021,274,Comal
5/21/2021,665.99,J 17
5/21/2021,865.75,J 27
5/21/2021,144,San Marcos
5/20/2021,278,Comal
5/20/2021,666.21,J 17
5/20/2021,865.75,J 27
5/20/2021,139,San Marcos
5/19/2021,276,Comal
5/19/2021,666.01,J 17
5/19/2021,865.72,J 27
5/19/2021,134,San Marcos
5/18/2021,274,Comal
5/18/2021,666.17,J 17
5/18/2021,865.69,J 27
5/18/2021,132,San Marcos
5/17/2021,272,Comal
5/17/2021,666.86,J 17
5/17/2021,865.65,J 27
5/17/2021,125,San Marcos
5/16/2021,270,Comal
5/16/2021,666.69,J 17
5/16/2021,865.59,J 27
5/16/2021,126,San Marcos
5/15/2021,269,Comal
5/15/2021,666.15,J 17
5/15/2021,865.3,J 27
5/15/2021,127,San Marcos
5/14/2021,266,Comal
5/14/2021,665.65,J 17
5/14/2021,865.04,J 27
5/14/2021,127,San Marcos
5/13/2021,265,Comal
5/13/2021,665.62,J 17
5/13/2021,865.02,J 27
5/13/2021,128,San Marcos
5/12/2021,265,Comal
5/12/2021,665.6,J 17
5/12/2021,864.96,J 27
5/12/2021,129,San Marcos
5/11/2021,264,Comal
5/11/2021,665.24,J 17
5/11/2021,864.88,J 27
5/11/2021,130,San Marcos
5/10/2021,265,Comal
5/10/2021,665.35,J 17
5/10/2021,864.66,J 27
5/10/2021,131,San Marcos
5/9/2021,263,Comal
5/9/2021,665.69,J 17
5/9/2021,864.65,J 27
5/9/2021,132,San Marcos
5/8/2021,260,Comal
5/8/2021,665.6,J 17
5/8/2021,864.63,J 27
5/8/2021,132,San Marcos
5/7/2021,258,Comal
5/7/2021,665.22,J 17
5/7/2021,864.6,J 27
5/7/2021,133,San Marcos
5/6/2021,258,Comal
5/6/2021,665.43,J 17
5/6/2021,864.58,J 27
5/6/2021,132,San Marcos
5/5/2021,258,Comal
5/5/2021,665.15,J 17
5/5/2021,864.57,J 27
5/5/2021,132,San Marcos
5/4/2021,250,Comal
5/4/2021,664.77,J 17
5/4/2021,864.61,J 27
5/4/2021,127,San Marcos
5/3/2021,242,Comal
5/3/2021,663.92,J 17
5/3/2021,864.58,J 27
5/3/2021,123,San Marcos
5/2/2021,234,Comal
5/2/2021,663.28,J 17
5/2/2021,864.47,J 27
5/2/2021,119,San Marcos
5/1/2021,230,Comal
5/1/2021,660.5,J 17
5/1/2021,864.34,J 27
5/1/2021,115,San Marcos
4/30/2021,221,Comal
4/30/2021,656.36,J 17
4/30/2021,864.21,J 27
4/30/2021,111,San Marcos
4/29/2021,212,Comal
4/29/2021,654.05,J 17
4/29/2021,864.2,J 27
4/29/2021,107,San Marcos
4/28/2021,209,Comal
4/28/2021,649.75,J 17
4/28/2021,864.25,J 27
4/28/2021,106,San Marcos
4/27/2021,207,Comal
4/27/2021,649.17,J 17
4/27/2021,864.3,J 27
4/27/2021,105,San Marcos
4/26/2021,207,Comal
4/26/2021,648.78,J 17
4/26/2021,864.33,J 27
4/26/2021,103,San Marcos
4/25/2021,207,Comal
4/25/2021,649.39,J 17
4/25/2021,864.38,J 27
4/25/2021,103,San Marcos
4/24/2021,204,Comal
4/24/2021,649.32,J 17
4/24/2021,864.45,J 27
4/24/2021,103,San Marcos
4/23/2021,200,Comal
4/23/2021,648.67,J 17
4/23/2021,864.5,J 27
4/23/2021,102,San Marcos
4/22/2021,197,Comal
4/22/2021,647.79,J 17
4/22/2021,864.56,J 27
4/22/2021,101,San Marcos
4/21/2021,200,Comal
4/21/2021,647.77,J 17
4/21/2021,864.65,J 27
4/21/2021,100,San Marcos
4/20/2021,203,Comal
4/20/2021,648.79,J 17
4/20/2021,864.72,J 27
4/20/2021,100,San Marcos
4/19/2021,205,Comal
4/19/2021,649.52,J 17
4/19/2021,864.76,J 27
4/19/2021,100,San Marcos
4/18/2021,208,Comal
4/18/2021,650.05,J 17
4/18/2021,864.81,J 27
4/18/2021,100,San Marcos
4/17/2021,208,Comal
4/17/2021,649.78,J 17
4/17/2021,864.89,J 27
4/17/2021,100,San Marcos
4/16/2021,209,Comal
4/16/2021,649.2,J 17
4/16/2021,864.95,J 27
4/16/2021,101,San Marcos
4/15/2021,211,Comal
4/15/2021,648.86,J 17
4/15/2021,865,J 27
4/15/2021,101,San Marcos
4/14/2021,213,Comal
4/14/2021,648.95,J 17
4/14/2021,865.1,J 27
4/14/2021,100,San Marcos
4/13/2021,214,Comal
4/13/2021,649.39,J 17
4/13/2021,865.2,J 27
4/13/2021,99,San Marcos
4/12/2021,216,Comal
4/12/2021,650.25,J 17
4/12/2021,865.31,J 27
4/12/2021,100,San Marcos
4/11/2021,218,Comal
4/11/2021,651.19,J 17
4/11/2021,865.4,J 27
4/11/2021,101,San Marcos
4/10/2021,221,Comal
4/10/2021,651.44,J 17
4/10/2021,865.52,J 27
4/10/2021,102,San Marcos
4/9/2021,223,Comal
4/9/2021,651.79,J 17
4/9/2021,865.61,J 27
4/9/2021,102,San Marcos
4/8/2021,227,Comal
4/8/2021,653,J 17
4/8/2021,865.69,J 27
4/8/2021,102,San Marcos
4/7/2021,229,Comal
4/7/2021,653.91,J 17
4/7/2021,865.76,J 27
4/7/2021,102,San Marcos
4/6/2021,232,Comal
4/6/2021,654.64,J 17
4/6/2021,865.83,J 27
4/6/2021,102,San Marcos
4/5/2021,229,Comal
4/5/2021,655.65,J 17
4/5/2021,865.87,J 27
4/5/2021,103,San Marcos
4/4/2021,233,Comal
4/4/2021,655.88,J 17
4/4/2021,865.91,J 27
4/4/2021,103,San Marcos
4/3/2021,230,Comal
4/3/2021,655.74,J 17
4/3/2021,865.97,J 27
4/3/2021,104,San Marcos
4/2/2021,228,Comal
4/2/2021,656.01,J 17
4/2/2021,866.06,J 27
4/2/2021,104,San Marcos
4/1/2021,231,Comal
4/1/2021,656.68,J 17
4/1/2021,866.16,J 27
4/1/2021,104,San Marcos
3/31/2021,235,Comal
3/31/2021,657.41,J 17
3/31/2021,866.26,J 27
3/31/2021,103,San Marcos
3/30/2021,238,Comal
3/30/2021,658.15,J 17
3/30/2021,866.35,J 27
3/30/2021,105,San Marcos
3/29/2021,238,Comal
3/29/2021,658.66,J 17
3/29/2021,866.4,J 27
3/29/2021,107,San Marcos
3/28/2021,237,Comal
3/28/2021,658.89,J 17
3/28/2021,866.46,J 27
3/28/2021,108,San Marcos
3/27/2021,237,Comal
3/27/2021,658.83,J 17
3/27/2021,866.51,J 27
3/27/2021,108,San Marcos
3/26/2021,236,Comal
3/26/2021,659.02,J 17
3/26/2021,866.55,J 27
3/26/2021,109,San Marcos
3/25/2021,240,Comal
3/25/2021,659.41,J 17
3/25/2021,866.59,J 27
3/25/2021,110,San Marcos
3/24/2021,241,Comal
3/24/2021,659.23,J 17
3/24/2021,866.62,J 27
3/24/2021,110,San Marcos
3/23/2021,243,Comal
3/23/2021,659.05,J 17
3/23/2021,866.67,J 27
3/23/2021,110,San Marcos
3/22/2021,244,Comal
3/22/2021,658.66,J 17
3/22/2021,866.69,J 27
3/22/2021,110,San Marcos
3/21/2021,243,Comal
3/21/2021,659.17,J 17
3/21/2021,866.71,J 27
3/21/2021,110,San Marcos
3/20/2021,244,Comal
3/20/2021,659.23,J 17
3/20/2021,866.74,J 27
3/20/2021,110,San Marcos
3/19/2021,246,Comal
3/19/2021,659.25,J 17
3/19/2021,866.78,J 27
3/19/2021,109,San Marcos
3/18/2021,248,Comal
3/18/2021,659.87,J 17
3/18/2021,866.83,J 27
3/18/2021,109,San Marcos
3/17/2021,252,Comal
3/17/2021,660.64,J 17
3/17/2021,866.88,J 27
3/17/2021,108,San Marcos
3/16/2021,254,Comal
3/16/2021,661.01,J 17
3/16/2021,866.89,J 27
3/16/2021,108,San Marcos
3/15/2021,255,Comal
3/15/2021,661.28,J 17
3/15/2021,866.91,J 27
3/15/2021,109,San Marcos
3/14/2021,264,Comal
3/14/2021,661.53,J 17
3/14/2021,866.95,J 27
3/14/2021,109,San Marcos
3/13/2021,263,Comal
3/13/2021,660.72,J 17
3/13/2021,866.98,J 27
3/13/2021,109,San Marcos
3/12/2021,260,Comal
3/12/2021,660.64,J 17
3/12/2021,867.01,J 27
3/12/2021,108,San Marcos
3/11/2021,260,Comal
3/11/2021,660.22,J 17
3/11/2021,867.04,J 27
3/11/2021,108,San Marcos
3/10/2021,258,Comal
3/10/2021,660.24,J 17
3/10/2021,867.06,J 27
3/10/2021,108,San Marcos
3/9/2021,257,Comal
3/9/2021,660.68,J 17
3/9/2021,867.07,J 27
3/9/2021,109,San Marcos
3/8/2021,257,Comal
3/8/2021,660.96,J 17
3/8/2021,867.08,J 27
3/8/2021,107,San Marcos
3/7/2021,258,Comal
3/7/2021,661.18,J 17
3/7/2021,867.12,J 27
3/7/2021,108,San Marcos
3/6/2021,259,Comal
3/6/2021,661.23,J 17
3/6/2021,867.14,J 27
3/6/2021,108,San Marcos
3/5/2021,259,Comal
3/5/2021,661.23,J 17
3/5/2021,867.16,J 27
3/5/2021,108,San Marcos
3/4/2021,259,Comal
3/4/2021,661.13,J 17
3/4/2021,867.17,J 27
3/4/2021,108,San Marcos
3/3/2021,258,Comal
3/3/2021,661.28,J 17
3/3/2021,867.16,J 27
3/3/2021,109,San Marcos
3/2/2021,258,Comal
3/2/2021,661.06,J 17
3/2/2021,867.16,J 27
3/2/2021,109,San Marcos
3/1/2021,261,Comal
3/1/2021,660.9,J 17
3/1/2021,867.17,J 27
3/1/2021,109,San Marcos
2/28/2021,260,Comal
2/28/2021,661.04,J 17
2/28/2021,867.18,J 27
2/28/2021,110,San Marcos
2/27/2021,258,Comal
2/27/2021,660.66,J 17
2/27/2021,867.18,J 27
2/27/2021,110,San Marcos
2/26/2021,257,Comal
2/26/2021,659.8,J 17
2/26/2021,867.16,J 27
2/26/2021,111,San Marcos
2/25/2021,256,Comal
2/25/2021,659.14,J 17
2/25/2021,867.13,J 27
2/25/2021,111,San Marcos
2/24/2021,256,Comal
2/24/2021,658.21,J 17
2/24/2021,867.09,J 27
2/24/2021,111,San Marcos
2/23/2021,255,Comal
2/23/2021,657.06,J 17
2/23/2021,867.12,J 27
2/23/2021,110,San Marcos
2/22/2021,253,Comal
2/22/2021,656.13,J 17
2/22/2021,867.09,J 27
2/22/2021,110,San Marcos
2/21/2021,252,Comal
2/21/2021,655.66,J 17
2/21/2021,867.06,J 27
2/21/2021,109,San Marcos
2/20/2021,250,Comal
2/20/2021,654.06,J 17
2/20/2021,867.05,J 27
2/20/2021,108,San Marcos
2/19/2021,252,Comal
2/19/2021,652.21,J 17
2/19/2021,867.01,J 27
2/19/2021,107,San Marcos
2/18/2021,256,Comal
2/18/2021,655.67,J 17
2/18/2021,867.02,J 27
2/18/2021,106,San Marcos
2/17/2021,260,Comal
2/17/2021,659.12,J 17
2/17/2021,867.15,J 27
2/17/2021,106,San Marcos
2/16/2021,264,Comal
2/16/2021,662.36,J 17
2/16/2021,867.17,J 27
2/16/2021,107,San Marcos
2/15/2021,266,Comal
2/15/2021,664.94,J 17
2/15/2021,867.3,J 27
2/15/2021,107,San Marcos
2/14/2021,268,Comal
2/14/2021,665.21,J 17
2/14/2021,867.3,J 27
2/14/2021,108,San Marcos
2/13/2021,268,Comal
2/13/2021,665.17,J 17
2/13/2021,867.31,J 27
2/13/2021,110,San Marcos
2/12/2021,268,Comal
2/12/2021,664.76,J 17
2/12/2021,867.32,J 27
2/12/2021,111,San Marcos
2/11/2021,265,Comal
2/11/2021,664.12,J 17
2/11/2021,867.31,J 27
2/11/2021,112,San Marcos
2/10/2021,262,Comal
2/10/2021,663.35,J 17
2/10/2021,867.3,J 27
2/10/2021,112,San Marcos
2/9/2021,262,Comal
2/9/2021,663.42,J 17
2/9/2021,867.31,J 27
2/9/2021,112,San Marcos
2/8/2021,263,Comal
2/8/2021,663.67,J 17
2/8/2021,867.34,J 27
2/8/2021,113,San Marcos
2/7/2021,262,Comal
2/7/2021,664.07,J 17
2/7/2021,867.36,J 27
2/7/2021,113,San Marcos
2/6/2021,263,Comal
2/6/2021,663.95,J 17
2/6/2021,867.39,J 27
2/6/2021,113,San Marcos
2/5/2021,263,Comal
2/5/2021,663.85,J 17
2/5/2021,867.41,J 27
2/5/2021,113,San Marcos
2/4/2021,264,Comal
2/4/2021,664.07,J 17
2/4/2021,867.43,J 27
2/4/2021,113,San Marcos
2/3/2021,262,Comal
2/3/2021,664.12,J 17
2/3/2021,867.46,J 27
2/3/2021,114,San Marcos
2/2/2021,262,Comal
2/2/2021,664.02,J 17
2/2/2021,867.46,J 27
2/2/2021,114,San Marcos
2/1/2021,263,Comal
2/1/2021,664.45,J 17
2/1/2021,867.46,J 27
2/1/2021,114,San Marcos
1/31/2021,264,Comal
1/31/2021,665.08,J 17
1/31/2021,867.49,J 27
1/31/2021,115,San Marcos
1/30/2021,264,Comal
1/30/2021,665.49,J 17
1/30/2021,867.51,J 27
1/30/2021,115,San Marcos
1/29/2021,265,Comal
1/29/2021,665.25,J 17
1/29/2021,867.5,J 27
1/29/2021,116,San Marcos
1/28/2021,265,Comal
1/28/2021,664.93,J 17
1/28/2021,867.52,J 27
1/28/2021,115,San Marcos
1/27/2021,265,Comal
1/27/2021,665.25,J 17
1/27/2021,867.59,J 27
1/27/2021,116,San Marcos
1/26/2021,265,Comal
1/26/2021,665.75,J 17
1/26/2021,867.61,J 27
1/26/2021,116,San Marcos
1/25/2021,268,Comal
1/25/2021,665.88,J 17
1/25/2021,867.62,J 27
1/25/2021,117,San Marcos
1/24/2021,270,Comal
1/24/2021,665.77,J 17
1/24/2021,867.61,J 27
1/24/2021,117,San Marcos
1/23/2021,266,Comal
1/23/2021,665.44,J 17
1/23/2021,867.57,J 27
1/23/2021,118,San Marcos
1/22/2021,272,Comal
1/22/2021,665.19,J 17
1/22/2021,867.58,J 27
1/22/2021,118,San Marcos
1/21/2021,270,Comal
1/21/2021,665.23,J 17
1/21/2021,867.58,J 27
1/21/2021,118,San Marcos
1/20/2021,268,Comal
1/20/2021,665.14,J 17
1/20/2021,867.57,J 27
1/20/2021,118,San Marcos
1/19/2021,269,Comal
1/19/2021,664.68,J 17
1/19/2021,867.58,J 27
1/19/2021,118,San Marcos
1/18/2021,270,Comal
1/18/2021,665.2,J 17
1/18/2021,867.59,J 27
1/18/2021,118,San Marcos
1/17/2021,271,Comal
1/17/2021,665.29,J 17
1/17/2021,867.61,J 27
1/17/2021,118,San Marcos
1/16/2021,272,Comal
1/16/2021,665.11,J 17
1/16/2021,867.62,J 27
1/16/2021,119,San Marcos
1/15/2021,273,Comal
1/15/2021,665.18,J 17
1/15/2021,867.63,J 27
1/15/2021,119,San Marcos
1/14/2021,274,Comal
1/14/2021,664.99,J 17
1/14/2021,867.65,J 27
1/14/2021,120,San Marcos
1/13/2021,275,Comal
1/13/2021,664.85,J 17
1/13/2021,867.64,J 27
1/13/2021,120,San Marcos
1/12/2021,275,Comal
1/12/2021,664.74,J 17
1/12/2021,867.64,J 27
1/12/2021,120,San Marcos
1/11/2021,276,Comal
1/11/2021,664.54,J 17
1/11/2021,867.66,J 27
1/11/2021,120,San Marcos
1/10/2021,277,Comal
1/10/2021,664.44,J 17
1/10/2021,867.68,J 27
1/10/2021,120,San Marcos
1/9/2021,278,Comal
1/9/2021,663.67,J 17
1/9/2021,867.68,J 27
1/9/2021,118,San Marcos
1/8/2021,278,Comal
1/8/2021,663.48,J 17
1/8/2021,867.69,J 27
1/8/2021,120,San Marcos
1/7/2021,278,Comal
1/7/2021,663.76,J 17
1/7/2021,867.72,J 27
1/7/2021,119,San Marcos
1/6/2021,279,Comal
1/6/2021,663.74,J 17
1/6/2021,867.74,J 27
1/6/2021,118,San Marcos
1/5/2021,279,Comal
1/5/2021,663.82,J 17
1/5/2021,867.76,J 27
1/5/2021,117,San Marcos
1/4/2021,274,Comal
1/4/2021,663.86,J 17
1/4/2021,867.78,J 27
1/4/2021,116,San Marcos
1/3/2021,270,Comal
1/3/2021,664.03,J 17
1/3/2021,867.78,J 27
1/3/2021,116,San Marcos
1/2/2021,266,Comal
1/2/2021,663.88,J 17
1/2/2021,867.78,J 27
1/2/2021,117,San Marcos
1/1/2021,264,Comal
1/1/2021,663.78,J 17
1/1/2021,867.79,J 27
1/1/2021,117,San Marcos
12/31/2020,263,Comal
12/31/2020,663.32,J 17
12/31/2020,867.76,J 27
12/31/2020,119,San Marcos
12/30/2020,261,Comal
12/30/2020,662.85,J 17
12/30/2020,867.68,J 27
12/30/2020,121,San Marcos
12/29/2020,260,Comal
12/29/2020,662.93,J 17
12/29/2020,867.68,J 27
12/29/2020,121,San Marcos
12/28/2020,259,Comal
12/28/2020,663,J 17
12/28/2020,867.7,J 27
12/28/2020,121,San Marcos
12/27/2020,260,Comal
12/27/2020,663.3,J 17
12/27/2020,867.74,J 27
12/27/2020,122,San Marcos
12/26/2020,261,Comal
12/26/2020,662.99,J 17
12/26/2020,867.75,J 27
12/26/2020,122,San Marcos
12/25/2020,260,Comal
12/25/2020,662.45,J 17
12/25/2020,867.76,J 27
12/25/2020,122,San Marcos
12/24/2020,258,Comal
12/24/2020,661.99,J 17
12/24/2020,867.81,J 27
12/24/2020,122,San Marcos
12/23/2020,261,Comal
12/23/2020,662.22,J 17
12/23/2020,867.85,J 27
12/23/2020,123,San Marcos
12/22/2020,262,Comal
12/22/2020,662.15,J 17
12/22/2020,867.88,J 27
12/22/2020,124,San Marcos
12/21/2020,264,Comal
12/21/2020,662.42,J 17
12/21/2020,867.92,J 27
12/21/2020,122,San Marcos
12/20/2020,259,Comal
12/20/2020,662.61,J 17
12/20/2020,867.97,J 27
12/20/2020,122,San Marcos
12/19/2020,261,Comal
12/19/2020,662.41,J 17
12/19/2020,868.04,J 27
12/19/2020,122,San Marcos
12/18/2020,257,Comal
12/18/2020,661.9,J 17
12/18/2020,868.1,J 27
12/18/2020,121,San Marcos
12/17/2020,256,Comal
12/17/2020,661.61,J 17
12/17/2020,868.15,J 27
12/17/2020,120,San Marcos
12/16/2020,256,Comal
12/16/2020,661.37,J 17
12/16/2020,868.19,J 27
12/16/2020,119,San Marcos
12/15/2020,255,Comal
12/15/2020,661.61,J 17
12/15/2020,868.22,J 27
12/15/2020,120,San Marcos
12/14/2020,256,Comal
12/14/2020,661.33,J 17
12/14/2020,868.23,J 27
12/14/2020,120,San Marcos
12/13/2020,257,Comal
12/13/2020,661.32,J 17
12/13/2020,868.27,J 27
12/13/2020,121,San Marcos
12/12/2020,258,Comal
12/12/2020,660.53,J 17
12/12/2020,868.27,J 27
12/12/2020,121,San Marcos
12/11/2020,258,Comal
12/11/2020,660.11,J 17
12/11/2020,868.3,J 27
12/11/2020,122,San Marcos
12/10/2020,258,Comal
12/10/2020,660.35,J 17
12/10/2020,868.32,J 27
12/10/2020,122,San Marcos
12/9/2020,257,Comal
12/9/2020,660.44,J 17
12/9/2020,868.33,J 27
12/9/2020,121,San Marcos
12/8/2020,257,Comal
12/8/2020,661.24,J 17
12/8/2020,868.36,J 27
12/8/2020,120,San Marcos
12/7/2020,257,Comal
12/7/2020,662.13,J 17
12/7/2020,868.37,J 27
12/7/2020,121,San Marcos
12/6/2020,258,Comal
12/6/2020,662.56,J 17
12/6/2020,868.38,J 27
12/6/2020,122,San Marcos
12/5/2020,258,Comal
12/5/2020,662.19,J 17
12/5/2020,868.39,J 27
12/5/2020,122,San Marcos
12/4/2020,252,Comal
12/4/2020,661.78,J 17
12/4/2020,868.4,J 27
12/4/2020,122,San Marcos
12/3/2020,250,Comal
12/3/2020,661.65,J 17
12/3/2020,868.42,J 27
12/3/2020,123,San Marcos
12/2/2020,250,Comal
12/2/2020,661.87,J 17
12/2/2020,868.45,J 27
12/2/2020,123,San Marcos
12/1/2020,248,Comal
12/1/2020,661.8,J 17
12/1/2020,868.47,J 27
12/1/2020,122,San Marcos
11/30/2020,246,Comal
11/30/2020,661.47,J 17
11/30/2020,868.46,J 27
11/30/2020,122,San Marcos
11/29/2020,248,Comal
11/29/2020,661.66,J 17
11/29/2020,868.48,J 27
11/29/2020,122,San Marcos
11/28/2020,245,Comal
11/28/2020,660.77,J 17
11/28/2020,868.47,J 27
11/28/2020,122,San Marcos
11/27/2020,241,Comal
11/27/2020,659.56,J 17
11/27/2020,868.45,J 27
11/27/2020,123,San Marcos
11/26/2020,238,Comal
11/26/2020,659.12,J 17
11/26/2020,868.47,J 27
11/26/2020,123,San Marcos
11/25/2020,236,Comal
11/25/2020,659,J 17
11/25/2020,868.51,J 27
11/25/2020,123,San Marcos
11/24/2020,235,Comal
11/24/2020,658.99,J 17
11/24/2020,868.52,J 27
11/24/2020,123,San Marcos
11/23/2020,237,Comal
11/23/2020,658.98,J 17
11/23/2020,868.52,J 27
11/23/2020,126,San Marcos
11/22/2020,239,Comal
11/22/2020,659.39,J 17
11/22/2020,868.54,J 27
11/22/2020,126,San Marcos
11/21/2020,241,Comal
11/21/2020,658.75,J 17
11/21/2020,868.57,J 27
11/21/2020,127,San Marcos
11/20/2020,243,Comal
11/20/2020,658.62,J 17
11/20/2020,868.61,J 27
11/20/2020,127,San Marcos
11/19/2020,246,Comal
11/19/2020,658.59,J 17
11/19/2020,868.65,J 27
11/19/2020,125,San Marcos
11/18/2020,248,Comal
11/18/2020,658.95,J 17
11/18/2020,868.67,J 27
11/18/2020,124,San Marcos
11/17/2020,249,Comal
11/17/2020,658.86,J 17
11/17/2020,868.7,J 27
11/17/2020,124,San Marcos
11/16/2020,253,Comal
11/16/2020,659.55,J 17
11/16/2020,868.74,J 27
11/16/2020,124,San Marcos
11/15/2020,258,Comal
11/15/2020,659.8,J 17
11/15/2020,868.78,J 27
11/15/2020,124,San Marcos
11/14/2020,258,Comal
11/14/2020,659.65,J 17
11/14/2020,868.8,J 27
11/14/2020,124,San Marcos
11/13/2020,259,Comal
11/13/2020,658.92,J 17
11/13/2020,868.85,J 27
11/13/2020,124,San Marcos
11/12/2020,259,Comal
11/12/2020,658.89,J 17
11/12/2020,868.88,J 27
11/12/2020,125,San Marcos
11/11/2020,259,Comal
11/11/2020,659.1,J 17
11/11/2020,868.91,J 27
11/11/2020,129,San Marcos
11/10/2020,260,Comal
11/10/2020,658.88,J 17
11/10/2020,868.94,J 27
11/10/2020,131,San Marcos
11/9/2020,261,Comal
11/9/2020,659.2,J 17
11/9/2020,868.96,J 27
11/9/2020,134,San Marcos
11/8/2020,260,Comal
11/8/2020,659.31,J 17
11/8/2020,868.98,J 27
11/8/2020,137,San Marcos
11/7/2020,259,Comal
11/7/2020,658.93,J 17
11/7/2020,869,J 27
11/7/2020,140,San Marcos
11/6/2020,258,Comal
11/6/2020,658.66,J 17
11/6/2020,869.04,J 27
11/6/2020,143,San Marcos
11/5/2020,258,Comal
11/5/2020,659.06,J 17
11/5/2020,869.06,J 27
11/5/2020,146,San Marcos
11/4/2020,259,Comal
11/4/2020,659.06,J 17
11/4/2020,869.08,J 27
11/4/2020,149,San Marcos
11/3/2020,258,Comal
11/3/2020,658.69,J 17
11/3/2020,869.12,J 27
11/3/2020,152,San Marcos
11/2/2020,259,Comal
11/2/2020,659.58,J 17
11/2/2020,869.16,J 27
11/2/2020,155,San Marcos
11/1/2020,261,Comal
11/1/2020,660.9,J 17
11/1/2020,869.21,J 27
11/1/2020,158,San Marcos
10/31/2020,262,Comal
10/31/2020,660.42,J 17
10/31/2020,869.24,J 27
10/31/2020,162,San Marcos
10/30/2020,259,Comal
10/30/2020,660.17,J 17
10/30/2020,869.26,J 27
10/30/2020,165,San Marcos
10/29/2020,261,Comal
10/29/2020,660.32,J 17
10/29/2020,869.3,J 27
10/29/2020,163,San Marcos
10/28/2020,263,Comal
10/28/2020,660.59,J 17
10/28/2020,869.36,J 27
10/28/2020,162,San Marcos
10/27/2020,265,Comal
10/27/2020,660.17,J 17
10/27/2020,869.35,J 27
10/27/2020,159,San Marcos
10/26/2020,266,Comal
10/26/2020,660.12,J 17
10/26/2020,869.36,J 27
10/26/2020,159,San Marcos
10/25/2020,266,Comal
10/25/2020,660.25,J 17
10/25/2020,869.38,J 27
10/25/2020,157,San Marcos
10/24/2020,266,Comal
10/24/2020,659.6,J 17
10/24/2020,869.38,J 27
10/24/2020,154,San Marcos
10/23/2020,267,Comal
10/23/2020,658.82,J 17
10/23/2020,869.42,J 27
10/23/2020,152,San Marcos
10/22/2020,268,Comal
10/22/2020,659.23,J 17
10/22/2020,869.44,J 27
10/22/2020,152,San Marcos
10/21/2020,269,Comal
10/21/2020,659.27,J 17
10/21/2020,869.48,J 27
10/21/2020,152,San Marcos
10/20/2020,270,Comal
10/20/2020,659.59,J 17
10/20/2020,869.51,J 27
10/20/2020,147,San Marcos
10/19/2020,270,Comal
10/19/2020,660.05,J 17
10/19/2020,869.54,J 27
10/19/2020,147,San Marcos
10/18/2020,270,Comal
10/18/2020,660.19,J 17
10/18/2020,869.56,J 27
10/18/2020,145,San Marcos
10/17/2020,270,Comal
10/17/2020,659.38,J 17
10/17/2020,869.59,J 27
10/17/2020,144,San Marcos
10/16/2020,266,Comal
10/16/2020,658.48,J 17
10/16/2020,869.61,J 27
10/16/2020,141,San Marcos
10/15/2020,270,Comal
10/15/2020,658.48,J 17
10/15/2020,869.65,J 27
10/15/2020,140,San Marcos
10/14/2020,275,Comal
10/14/2020,658.92,J 17
10/14/2020,869.67,J 27
10/14/2020,136,San Marcos
10/13/2020,277,Comal
10/13/2020,659.2,J 17
10/13/2020,869.71,J 27
10/13/2020,136,San Marcos
10/12/2020,280,Comal
10/12/2020,660.32,J 17
10/12/2020,869.75,J 27
10/12/2020,137,San Marcos
10/11/2020,280,Comal
10/11/2020,660.83,J 17
10/11/2020,869.78,J 27
10/11/2020,138,San Marcos
10/10/2020,281,Comal
10/10/2020,660.5,J 17
10/10/2020,869.81,J 27
10/10/2020,138,San Marcos
10/9/2020,281,Comal
10/9/2020,660.59,J 17
10/9/2020,869.83,J 27
10/9/2020,139,San Marcos
10/8/2020,280,Comal
10/8/2020,660.3,J 17
10/8/2020,869.85,J 27
10/8/2020,137,San Marcos
10/7/2020,280,Comal
10/7/2020,660.42,J 17
10/7/2020,869.88,J 27
10/7/2020,137,San Marcos
10/6/2020,279,Comal
10/6/2020,660.69,J 17
10/6/2020,869.91,J 27
10/6/2020,137,San Marcos
10/5/2020,280,Comal
10/5/2020,661.51,J 17
10/5/2020,869.94,J 27
10/5/2020,137,San Marcos
10/4/2020,281,Comal
10/4/2020,661.82,J 17
10/4/2020,869.99,J 27
10/4/2020,138,San Marcos
10/3/2020,282,Comal
10/3/2020,661.64,J 17
10/3/2020,870.02,J 27
10/3/2020,138,San Marcos
10/2/2020,282,Comal
10/2/2020,661.54,J 17
10/2/2020,870.05,J 27
10/2/2020,137,San Marcos
10/1/2020,283,Comal
10/1/2020,661.96,J 17
10/1/2020,870.08,J 27
10/1/2020,137,San Marcos
9/30/2020,284,Comal
9/30/2020,662.61,J 17
9/30/2020,870.1,J 27
9/30/2020,137,San Marcos
9/29/2020,284,Comal
9/29/2020,662.72,J 17
9/29/2020,870.11,J 27
9/29/2020,136,San Marcos
9/28/2020,278,Comal
9/28/2020,663.28,J 17
9/28/2020,870.16,J 27
9/28/2020,136,San Marcos
9/27/2020,278,Comal
9/27/2020,663.72,J 17
9/27/2020,870.18,J 27
9/27/2020,137,San Marcos
9/26/2020,281,Comal
9/26/2020,663.64,J 17
9/26/2020,870.19,J 27
9/26/2020,138,San Marcos
9/25/2020,278,Comal
9/25/2020,663.6,J 17
9/25/2020,870.19,J 27
9/25/2020,139,San Marcos
9/24/2020,278,Comal
9/24/2020,663.97,J 17
9/24/2020,870.2,J 27
9/24/2020,137,San Marcos
9/23/2020,278,Comal
9/23/2020,664.13,J 17
9/23/2020,870.21,J 27
9/23/2020,137,San Marcos
9/22/2020,277,Comal
9/22/2020,664.16,J 17
9/22/2020,870.22,J 27
9/22/2020,138,San Marcos
9/21/2020,277,Comal
9/21/2020,663.74,J 17
9/21/2020,870.23,J 27
9/21/2020,138,San Marcos
9/20/2020,273,Comal
9/20/2020,664.23,J 17
9/20/2020,870.25,J 27
9/20/2020,138,San Marcos
9/19/2020,271,Comal
9/19/2020,663.56,J 17
9/19/2020,870.25,J 27
9/19/2020,138,San Marcos
9/18/2020,269,Comal
9/18/2020,663.58,J 17
9/18/2020,870.26,J 27
9/18/2020,138,San Marcos
9/17/2020,269,Comal
9/17/2020,663.52,J 17
9/17/2020,870.23,J 27
9/17/2020,138,San Marcos
9/16/2020,268,Comal
9/16/2020,663.73,J 17
9/16/2020,870.24,J 27
9/16/2020,137,San Marcos
9/15/2020,268,Comal
9/15/2020,663.74,J 17
9/15/2020,870.25,J 27
9/15/2020,137,San Marcos
9/14/2020,268,Comal
9/14/2020,664.41,J 17
9/14/2020,870.26,J 27
9/14/2020,136,San Marcos
9/13/2020,269,Comal
9/13/2020,664.44,J 17
9/13/2020,870.26,J 27
9/13/2020,136,San Marcos
9/12/2020,269,Comal
9/12/2020,663.82,J 17
9/12/2020,870.26,J 27
9/12/2020,136,San Marcos
9/11/2020,264,Comal
9/11/2020,662.95,J 17
9/11/2020,870.25,J 27
9/11/2020,137,San Marcos
9/10/2020,260,Comal
9/10/2020,662.17,J 17
9/10/2020,870.26,J 27
9/10/2020,137,San Marcos
9/9/2020,255,Comal
9/9/2020,660.17,J 17
9/9/2020,870.27,J 27
9/9/2020,135,San Marcos
9/8/2020,251,Comal
9/8/2020,658.69,J 17
9/8/2020,870.28,J 27
9/8/2020,133,San Marcos
9/7/2020,249,Comal
9/7/2020,658.62,J 17
9/7/2020,870.28,J 27
9/7/2020,131,San Marcos
9/6/2020,248,Comal
9/6/2020,658.49,J 17
9/6/2020,870.28,J 27
9/6/2020,132,San Marcos
9/5/2020,246,Comal
9/5/2020,657.51,J 17
9/5/2020,870.25,J 27
9/5/2020,133,San Marcos
9/4/2020,241,Comal
9/4/2020,656.45,J 17
9/4/2020,870.29,J 27
9/4/2020,134,San Marcos
9/3/2020,236,Comal
9/3/2020,655.04,J 17
9/3/2020,870.31,J 27
9/3/2020,134,San Marcos
9/2/2020,235,Comal
9/2/2020,654.88,J 17
9/2/2020,870.35,J 27
9/2/2020,131,San Marcos
9/1/2020,236,Comal
9/1/2020,654.59,J 17
9/1/2020,870.37,J 27
9/1/2020,131,San Marcos
8/31/2020,239,Comal
8/31/2020,655.51,J 17
8/31/2020,870.4,J 27
8/31/2020,131,San Marcos
8/30/2020,238,Comal
8/30/2020,656.07,J 17
8/30/2020,870.44,J 27
8/30/2020,131,San Marcos
8/29/2020,237,Comal
8/29/2020,655.3,J 17
8/29/2020,870.47,J 27
8/29/2020,132,San Marcos
8/28/2020,236,Comal
8/28/2020,655.32,J 17
8/28/2020,870.5,J 27
8/28/2020,132,San Marcos
8/27/2020,239,Comal
8/27/2020,655.94,J 17
8/27/2020,870.58,J 27
8/27/2020,134,San Marcos
8/26/2020,241,Comal
8/26/2020,656.27,J 17
8/26/2020,870.62,J 27
8/26/2020,134,San Marcos
8/25/2020,242,Comal
8/25/2020,656.55,J 17
8/25/2020,870.65,J 27
8/25/2020,135,San Marcos
8/24/2020,244,Comal
8/24/2020,656.99,J 17
8/24/2020,870.7,J 27
8/24/2020,135,San Marcos
8/23/2020,246,Comal
8/23/2020,657.05,J 17
8/23/2020,870.72,J 27
8/23/2020,136,San Marcos
8/22/2020,242,Comal
8/22/2020,656.04,J 17
8/22/2020,870.76,J 27
8/22/2020,135,San Marcos
8/21/2020,236,Comal
8/21/2020,654.68,J 17
8/21/2020,871,J 27
8/21/2020,134,San Marcos
8/20/2020,235,Comal
8/20/2020,655.07,J 17
8/20/2020,870.81,J 27
8/20/2020,134,San Marcos
8/19/2020,237,Comal
8/19/2020,655.32,J 17
8/19/2020,870.86,J 27
8/19/2020,135,San Marcos
8/18/2020,239,Comal
8/18/2020,655.02,J 17
8/18/2020,870.91,J 27
8/18/2020,136,San Marcos
8/17/2020,244,Comal
8/17/2020,655.65,J 17
8/17/2020,870.96,J 27
8/17/2020,138,San Marcos
8/16/2020,244,Comal
8/16/2020,655.96,J 17
8/16/2020,871.02,J 27
8/16/2020,139,San Marcos
8/15/2020,243,Comal
8/15/2020,655.43,J 17
8/15/2020,871.07,J 27
8/15/2020,139,San Marcos
8/14/2020,243,Comal
8/14/2020,655.26,J 17
8/14/2020,871.13,J 27
8/14/2020,140,San Marcos
8/13/2020,244,Comal
8/13/2020,655.72,J 17
8/13/2020,871.19,J 27
8/13/2020,140,San Marcos
8/12/2020,245,Comal
8/12/2020,656.22,J 17
8/12/2020,871.26,J 27
8/12/2020,141,San Marcos
8/11/2020,246,Comal
8/11/2020,656.69,J 17
8/11/2020,871.32,J 27
8/11/2020,143,San Marcos
8/10/2020,247,Comal
8/10/2020,657.76,J 17
8/10/2020,871.39,J 27
8/10/2020,144,San Marcos
8/9/2020,248,Comal
8/9/2020,658.14,J 17
8/9/2020,871.44,J 27
8/9/2020,146,San Marcos
8/8/2020,250,Comal
8/8/2020,657.87,J 17
8/8/2020,871.51,J 27
8/8/2020,146,San Marcos
8/7/2020,250,Comal
8/7/2020,657.59,J 17
8/7/2020,871.59,J 27
8/7/2020,146,San Marcos
8/6/2020,251,Comal
8/6/2020,657.91,J 17
8/6/2020,871.77,J 27
8/6/2020,145,San Marcos
8/5/2020,251,Comal
8/5/2020,658.14,J 17
8/5/2020,871.71,J 27
8/5/2020,144,San Marcos
8/4/2020,251,Comal
8/4/2020,658.14,J 17
8/4/2020,871.76,J 27
8/4/2020,147,San Marcos
8/3/2020,252,Comal
8/3/2020,657.27,J 17
8/3/2020,871.83,J 27
8/3/2020,148,San Marcos
8/2/2020,252,Comal
8/2/2020,657.41,J 17
8/2/2020,871.87,J 27
8/2/2020,150,San Marcos
8/1/2020,251,Comal
8/1/2020,656.57,J 17
8/1/2020,871.92,J 27
8/1/2020,152,San Marcos
7/31/2020,250,Comal
7/31/2020,655.94,J 17
7/31/2020,871.97,J 27
7/31/2020,154,San Marcos
7/30/2020,250,Comal
7/30/2020,656.27,J 17
7/30/2020,872.02,J 27
7/30/2020,155,San Marcos
7/29/2020,250,Comal
7/29/2020,656.24,J 17
7/29/2020,872.07,J 27
7/29/2020,154,San Marcos
7/28/2020,250,Comal
7/28/2020,656.6,J 17
7/28/2020,872.11,J 27
7/28/2020,154,San Marcos
7/27/2020,249,Comal
7/27/2020,656.62,J 17
7/27/2020,872.14,J 27
7/27/2020,156,San Marcos
7/26/2020,249,Comal
7/26/2020,656.14,J 17
7/26/2020,872.16,J 27
7/26/2020,158,San Marcos
7/25/2020,248,Comal
7/25/2020,654.9,J 17
7/25/2020,872.17,J 27
7/25/2020,160,San Marcos
7/24/2020,246,Comal
7/24/2020,653.63,J 17
7/24/2020,872.23,J 27
7/24/2020,161,San Marcos
7/23/2020,246,Comal
7/23/2020,653.81,J 17
7/23/2020,872.33,J 27
7/23/2020,161,San Marcos
7/22/2020,249,Comal
7/22/2020,653.69,J 17
7/22/2020,872.41,J 27
7/22/2020,162,San Marcos
7/21/2020,253,Comal
7/21/2020,654.3,J 17
7/21/2020,872.49,J 27
7/21/2020,162,San Marcos
7/20/2020,257,Comal
7/20/2020,655.03,J 17
7/20/2020,872.53,J 27
7/20/2020,165,San Marcos
7/19/2020,257,Comal
7/19/2020,655.43,J 17
7/19/2020,872.62,J 27
7/19/2020,166,San Marcos
7/18/2020,257,Comal
7/18/2020,654.76,J 17
7/18/2020,872.65,J 27
7/18/2020,167,San Marcos
7/17/2020,257,Comal
7/17/2020,654.33,J 17
7/17/2020,872.72,J 27
7/17/2020,168,San Marcos
7/16/2020,260,Comal
7/16/2020,654.84,J 17
7/16/2020,872.74,J 27
7/16/2020,170,San Marcos
7/15/2020,261,Comal
7/15/2020,655.29,J 17
7/15/2020,872.93,J 27
7/15/2020,170,San Marcos
7/14/2020,262,Comal
7/14/2020,656.07,J 17
7/14/2020,873.05,J 27
7/14/2020,171,San Marcos
7/13/2020,263,Comal
7/13/2020,657.06,J 17
7/13/2020,873.23,J 27
7/13/2020,171,San Marcos
7/12/2020,263,Comal
7/12/2020,657.68,J 17
7/12/2020,873.32,J 27
7/12/2020,172,San Marcos
7/11/2020,263,Comal
7/11/2020,657.25,J 17
7/11/2020,873.39,J 27
7/11/2020,174,San Marcos
7/10/2020,263,Comal
7/10/2020,657.38,J 17
7/10/2020,873.5,J 27
7/10/2020,175,San Marcos
7/9/2020,264,Comal
7/9/2020,658.14,J 17
7/9/2020,873.53,J 27
7/9/2020,176,San Marcos
7/8/2020,264,Comal
7/8/2020,658.62,J 17
7/8/2020,873.62,J 27
7/8/2020,177,San Marcos
7/7/2020,265,Comal
7/7/2020,659.14,J 17
7/7/2020,873.73,J 27
7/7/2020,178,San Marcos
7/6/2020,267,Comal
7/6/2020,659.81,J 17
7/6/2020,873.82,J 27
7/6/2020,180,San Marcos
7/5/2020,270,Comal
7/5/2020,660.27,J 17
7/5/2020,873.91,J 27
7/5/2020,181,San Marcos
7/4/2020,269,Comal
7/4/2020,659.63,J 17
7/4/2020,874,J 27
7/4/2020,182,San Marcos
7/3/2020,269,Comal
7/3/2020,659.6,J 17
7/3/2020,874.13,J 27
7/3/2020,182,San Marcos
7/2/2020,271,Comal
7/2/2020,660.35,J 17
7/2/2020,874.18,J 27
7/2/2020,181,San Marcos
7/1/2020,273,Comal
7/1/2020,660.83,J 17
7/1/2020,874.29,J 27
7/1/2020,182,San Marcos
6/30/2020,274,Comal
6/30/2020,661.45,J 17
6/30/2020,874.35,J 27
6/30/2020,182,San Marcos
6/29/2020,274,Comal
6/29/2020,662.01,J 17
6/29/2020,874.43,J 27
6/29/2020,183,San Marcos
6/28/2020,274,Comal
6/28/2020,662.28,J 17
6/28/2020,874.46,J 27
6/28/2020,185,San Marcos
6/27/2020,274,Comal
6/27/2020,661.58,J 17
6/27/2020,874.53,J 27
6/27/2020,186,San Marcos
6/26/2020,272,Comal
6/26/2020,660.66,J 17
6/26/2020,874.59,J 27
6/26/2020,187,San Marcos
6/25/2020,269,Comal
6/25/2020,660.79,J 17
6/25/2020,874.63,J 27
6/25/2020,187,San Marcos
6/24/2020,266,Comal
6/24/2020,660.99,J 17
6/24/2020,874.71,J 27
6/24/2020,187,San Marcos
6/23/2020,264,Comal
6/23/2020,660.4,J 17
6/23/2020,874.76,J 27
6/23/2020,187,San Marcos
6/22/2020,261,Comal
6/22/2020,661.04,J 17
6/22/2020,874.71,J 27
6/22/2020,188,San Marcos
6/21/2020,263,Comal
6/21/2020,661.61,J 17
6/21/2020,874.75,J 27
6/21/2020,188,San Marcos
6/20/2020,264,Comal
6/20/2020,661.61,J 17
6/20/2020,874.82,J 27
6/20/2020,188,San Marcos
6/19/2020,266,Comal
6/19/2020,661.79,J 17
6/19/2020,874.84,J 27
6/19/2020,188,San Marcos
6/18/2020,264,Comal
6/18/2020,662.16,J 17
6/18/2020,874.86,J 27
6/18/2020,189,San Marcos
6/17/2020,266,Comal
6/17/2020,662.9,J 17
6/17/2020,874.91,J 27
6/17/2020,189,San Marcos
6/16/2020,267,Comal
6/16/2020,663.22,J 17
6/16/2020,874.98,J 27
6/16/2020,189,San Marcos
6/15/2020,269,Comal
6/15/2020,664.18,J 17
6/15/2020,875.07,J 27
6/15/2020,189,San Marcos
6/14/2020,272,Comal
6/14/2020,664.94,J 17
6/14/2020,875.15,J 27
6/14/2020,191,San Marcos
6/13/2020,274,Comal
6/13/2020,665.27,J 17
6/13/2020,875.2,J 27
6/13/2020,192,San Marcos
6/12/2020,276,Comal
6/12/2020,665.82,J 17
6/12/2020,875.34,J 27
6/12/2020,193,San Marcos
6/11/2020,278,Comal
6/11/2020,666.91,J 17
6/11/2020,875.49,J 27
6/11/2020,193,San Marcos
6/10/2020,281,Comal
6/10/2020,668.17,J 17
6/10/2020,875.54,J 27
6/10/2020,193,San Marcos
6/9/2020,283,Comal
6/9/2020,669.14,J 17
6/9/2020,875.71,J 27
6/9/2020,194,San Marcos
6/8/2020,285,Comal
6/8/2020,670.49,J 17
6/8/2020,875.79,J 27
6/8/2020,195,San Marcos
6/7/2020,287,Comal
6/7/2020,671.2,J 17
6/7/2020,875.85,J 27
6/7/2020,197,San Marcos
6/6/2020,289,Comal
6/6/2020,671.63,J 17
6/6/2020,875.91,J 27
6/6/2020,199,San Marcos
6/5/2020,291,Comal
6/5/2020,671.98,J 17
6/5/2020,876.02,J 27
6/5/2020,201,San Marcos
6/4/2020,295,Comal
6/4/2020,672.23,J 17
6/4/2020,876.07,J 27
6/4/2020,200,San Marcos
6/3/2020,298,Comal
6/3/2020,672.27,J 17
6/3/2020,876.09,J 27
6/3/2020,199,San Marcos
6/2/2020,302,Comal
6/2/2020,672.17,J 17
6/2/2020,876.15,J 27
6/2/2020,198,San Marcos
6/1/2020,306,Comal
6/1/2020,672.19,J 17
6/1/2020,876.16,J 27
6/1/2020,199,San Marcos
5/31/2020,316,Comal
5/31/2020,672.09,J 17
5/31/2020,876.14,J 27
5/31/2020,199,San Marcos
5/30/2020,316,Comal
5/30/2020,671.63,J 17
5/30/2020,876.13,J 27
5/30/2020,200,San Marcos
5/29/2020,316,Comal
5/29/2020,670.72,J 17
5/29/2020,876.13,J 27
5/29/2020,200,San Marcos
5/28/2020,316,Comal
5/28/2020,670,J 17
5/28/2020,876.14,J 27
5/28/2020,199,San Marcos
5/27/2020,308,Comal
5/27/2020,669.03,J 17
5/27/2020,876.13,J 27
5/27/2020,198,San Marcos
5/26/2020,300,Comal
5/26/2020,668.22,J 17
5/26/2020,876.11,J 27
5/26/2020,191,San Marcos
5/25/2020,297,Comal
5/25/2020,666.91,J 17
5/25/2020,876.04,J 27
5/25/2020,187,San Marcos
5/24/2020,288,Comal
5/24/2020,664.98,J 17
5/24/2020,876.01,J 27
5/24/2020,186,San Marcos
5/23/2020,271,Comal
5/23/2020,664.75,J 17
5/23/2020,875.97,J 27
5/23/2020,177,San Marcos
5/22/2020,270,Comal
5/22/2020,665.03,J 17
5/22/2020,875.98,J 27
5/22/2020,176,San Marcos
5/21/2020,270,Comal
5/21/2020,664.69,J 17
5/21/2020,876.05,J 27
5/21/2020,175,San Marcos
5/20/2020,272,Comal
5/20/2020,665.18,J 17
5/20/2020,876.1,J 27
5/20/2020,174,San Marcos
5/19/2020,274,Comal
5/19/2020,665.44,J 17
5/19/2020,876.16,J 27
5/19/2020,172,San Marcos
5/18/2020,275,Comal
5/18/2020,665.14,J 17
5/18/2020,876.16,J 27
5/18/2020,171,San Marcos
5/17/2020,276,Comal
5/17/2020,665.11,J 17
5/17/2020,876.15,J 27
5/17/2020,170,San Marcos
5/16/2020,277,Comal
5/16/2020,663.83,J 17
5/16/2020,876.15,J 27
5/16/2020,168,San Marcos
5/15/2020,282,Comal
5/15/2020,662.26,J 17
5/15/2020,876.14,J 27
5/15/2020,160,San Marcos
5/14/2020,280,Comal
5/14/2020,661.86,J 17
5/14/2020,876.2,J 27
5/14/2020,156,San Marcos
5/13/2020,284,Comal
5/13/2020,661.2,J 17
5/13/2020,876.25,J 27
5/13/2020,151,San Marcos
5/12/2020,284,Comal
5/12/2020,660.14,J 17
5/12/2020,876.3,J 27
5/12/2020,150,San Marcos
5/11/2020,285,Comal
5/11/2020,660.78,J 17
5/11/2020,876.34,J 27
5/11/2020,143,San Marcos
5/10/2020,286,Comal
5/10/2020,661.27,J 17
5/10/2020,876.38,J 27
5/10/2020,143,San Marcos
5/9/2020,287,Comal
5/9/2020,661.15,J 17
5/9/2020,876.41,J 27
5/9/2020,144,San Marcos
5/8/2020,288,Comal
5/8/2020,661.48,J 17
5/8/2020,876.49,J 27
5/8/2020,144,San Marcos
5/7/2020,290,Comal
5/7/2020,661.58,J 17
5/7/2020,876.5,J 27
5/7/2020,144,San Marcos
5/6/2020,292,Comal
5/6/2020,662.32,J 17
5/6/2020,876.59,J 27
5/6/2020,144,San Marcos
5/5/2020,295,Comal
5/5/2020,663.28,J 17
5/5/2020,876.69,J 27
5/5/2020,143,San Marcos
5/4/2020,297,Comal
5/4/2020,664.27,J 17
5/4/2020,876.75,J 27
5/4/2020,144,San Marcos
5/3/2020,299,Comal
5/3/2020,664.95,J 17
5/3/2020,876.79,J 27
5/3/2020,145,San Marcos
5/2/2020,302,Comal
5/2/2020,665.33,J 17
5/2/2020,876.85,J 27
5/2/2020,145,San Marcos
5/1/2020,302,Comal
5/1/2020,665.55,J 17
5/1/2020,876.94,J 27
5/1/2020,145,San Marcos
4/30/2020,304,Comal
4/30/2020,666.51,J 17
4/30/2020,876.97,J 27
4/30/2020,144,San Marcos
4/29/2020,306,Comal
4/29/2020,666.95,J 17
4/29/2020,877.06,J 27
4/29/2020,143,San Marcos
4/28/2020,308,Comal
4/28/2020,666.8,J 17
4/28/2020,877.06,J 27
4/28/2020,142,San Marcos
4/27/2020,309,Comal
4/27/2020,667.47,J 17
4/27/2020,877.08,J 27
4/27/2020,142,San Marcos
4/26/2020,310,Comal
4/26/2020,668.45,J 17
4/26/2020,877.13,J 27
4/26/2020,142,San Marcos
4/25/2020,312,Comal
4/25/2020,669.05,J 17
4/25/2020,877.25,J 27
4/25/2020,142,San Marcos
4/24/2020,313,Comal
4/24/2020,670,J 17
4/24/2020,877.45,J 27
4/24/2020,142,San Marcos
4/23/2020,316,Comal
4/23/2020,670.84,J 17
4/23/2020,877.52,J 27
4/23/2020,143,San Marcos
4/22/2020,317,Comal
4/22/2020,671.3,J 17
4/22/2020,877.57,J 27
4/22/2020,143,San Marcos
4/21/2020,319,Comal
4/21/2020,671.51,J 17
4/21/2020,877.61,J 27
4/21/2020,144,San Marcos
4/20/2020,320,Comal
4/20/2020,672.25,J 17
4/20/2020,877.63,J 27
4/20/2020,144,San Marcos
4/19/2020,321,Comal
4/19/2020,673.04,J 17
4/19/2020,877.69,J 27
4/19/2020,144,San Marcos
4/18/2020,320,Comal
4/18/2020,672.83,J 17
4/18/2020,877.67,J 27
4/18/2020,143,San Marcos
4/17/2020,320,Comal
4/17/2020,672.8,J 17
4/17/2020,877.65,J 27
4/17/2020,142,San Marcos
4/16/2020,319,Comal
4/16/2020,672.85,J 17
4/16/2020,877.62,J 27
4/16/2020,142,San Marcos
4/15/2020,319,Comal
4/15/2020,673.1,J 17
4/15/2020,877.65,J 27
4/15/2020,141,San Marcos
4/14/2020,318,Comal
4/14/2020,673.35,J 17
4/14/2020,877.65,J 27
4/14/2020,142,San Marcos
4/13/2020,320,Comal
4/13/2020,673.65,J 17
4/13/2020,877.68,J 27
4/13/2020,143,San Marcos
4/12/2020,321,Comal
4/12/2020,673.97,J 17
4/12/2020,877.73,J 27
4/12/2020,146,San Marcos
4/11/2020,321,Comal
4/11/2020,673.6,J 17
4/11/2020,877.71,J 27
4/11/2020,149,San Marcos
4/10/2020,322,Comal
4/10/2020,673.48,J 17
4/10/2020,877.64,J 27
4/10/2020,151,San Marcos
4/9/2020,322,Comal
4/9/2020,673.45,J 17
4/9/2020,877.66,J 27
4/9/2020,154,San Marcos
4/8/2020,322,Comal
4/8/2020,673.53,J 17
4/8/2020,877.66,J 27
4/8/2020,155,San Marcos
4/7/2020,313,Comal
4/7/2020,673.26,J 17
4/7/2020,877.66,J 27
4/7/2020,157,San Marcos
4/6/2020,304,Comal
4/6/2020,673.02,J 17
4/6/2020,877.64,J 27
4/6/2020,158,San Marcos
4/5/2020,299,Comal
4/5/2020,672.71,J 17
4/5/2020,877.64,J 27
4/5/2020,159,San Marcos
4/4/2020,287,Comal
4/4/2020,671.87,J 17
4/4/2020,877.63,J 27
4/4/2020,154,San Marcos
4/3/2020,277,Comal
4/3/2020,670.76,J 17
4/3/2020,877.57,J 27
4/3/2020,152,San Marcos
4/2/2020,266,Comal
4/2/2020,670.31,J 17
4/2/2020,877.57,J 27
4/2/2020,149,San Marcos
4/1/2020,264,Comal
4/1/2020,670.57,J 17
4/1/2020,877.63,J 27
4/1/2020,147,San Marcos
3/31/2020,265,Comal
3/31/2020,671.02,J 17
3/31/2020,877.72,J 27
3/31/2020,147,San Marcos
3/30/2020,270,Comal
3/30/2020,671.08,J 17
3/30/2020,877.76,J 27
3/30/2020,149,San Marcos
3/29/2020,273,Comal
3/29/2020,671.21,J 17
3/29/2020,877.78,J 27
3/29/2020,150,San Marcos
3/28/2020,278,Comal
3/28/2020,671.36,J 17
3/28/2020,877.86,J 27
3/28/2020,150,San Marcos
3/27/2020,281,Comal
3/27/2020,671.57,J 17
3/27/2020,877.89,J 27
3/27/2020,150,San Marcos
3/26/2020,285,Comal
3/26/2020,671.79,J 17
3/26/2020,877.91,J 27
3/26/2020,150,San Marcos
3/25/2020,288,Comal
3/25/2020,672.02,J 17
3/25/2020,877.91,J 27
3/25/2020,151,San Marcos
3/24/2020,294,Comal
3/24/2020,672.02,J 17
3/24/2020,877.94,J 27
3/24/2020,151,San Marcos
3/23/2020,296,Comal
3/23/2020,671.92,J 17
3/23/2020,877.94,J 27
3/23/2020,152,San Marcos
3/22/2020,298,Comal
3/22/2020,671.82,J 17
3/22/2020,877.93,J 27
3/22/2020,152,San Marcos
3/21/2020,299,Comal
3/21/2020,671.31,J 17
3/21/2020,877.89,J 27
3/21/2020,152,San Marcos
3/20/2020,301,Comal
3/20/2020,670.74,J 17
3/20/2020,877.93,J 27
3/20/2020,151,San Marcos
3/19/2020,303,Comal
3/19/2020,670.63,J 17
3/19/2020,877.98,J 27
3/19/2020,151,San Marcos
3/18/2020,307,Comal
3/18/2020,670.76,J 17
3/18/2020,877.95,J 27
3/18/2020,151,San Marcos
3/17/2020,308,Comal
3/17/2020,671.11,J 17
3/17/2020,877.99,J 27
3/17/2020,150,San Marcos
3/16/2020,308,Comal
3/16/2020,671.47,J 17
3/16/2020,878.02,J 27
3/16/2020,150,San Marcos
3/15/2020,878.04,J27
3/15/2020,671.45,J17
3/15/2020,310,Comal
3/15/2020,149,San Marcos
3/14/2020,878.1,J27
3/14/2020,671.41,J17
3/14/2020,311,Comal
3/14/2020,150,San Marcos
3/13/2020,878.13,J27
3/13/2020,671.63,J17
3/13/2020,312,Comal
3/13/2020,151,San Marcos
3/12/2020,878.15,J27
3/12/2020,672.07,J17
3/12/2020,315,Comal
3/12/2020,151,San Marcos
3/11/2020,878.17,J27
3/11/2020,672.17,J17
3/11/2020,316,Comal
3/11/2020,151,San Marcos
3/10/2020,878.16,J27
3/10/2020,672.33,J17
3/10/2020,317,Comal
3/10/2020,151,San Marcos
3/9/2020,878.19,J27
3/9/2020,672.39,J17
3/9/2020,317,Comal
3/9/2020,152,San Marcos
3/8/2020,878.21,J27
3/8/2020,672.64,J17
3/8/2020,318,Comal
3/8/2020,147,San Marcos
3/7/2020,878.24,J27
3/7/2020,672.57,J17
3/7/2020,318,Comal
3/7/2020,146,San Marcos
3/6/2020,878.29,J27
3/6/2020,672.58,J17
3/6/2020,319,Comal
3/6/2020,144,San Marcos
3/5/2020,878.35,J27
3/5/2020,672.31,J17
3/5/2020,321,Comal
3/5/2020,142,San Marcos
3/4/2020,878.43,J27
3/4/2020,672.39,J17
3/4/2020,322,Comal
3/4/2020,142,San Marcos
3/3/2020,878.41,J27
3/3/2020,672.44,J17
3/3/2020,324,Comal
3/3/2020,139,San Marcos
3/2/2020,878.42,J27
3/2/2020,672.64,J17
3/2/2020,324,Comal
3/2/2020,140,San Marcos
3/1/2020,878.45,J27
3/1/2020,672.7,J17
3/1/2020,325,Comal
3/1/2020,141,San Marcos
2/29/2020,878.42,J27
2/29/2020,672.79,J17
2/29/2020,324,Comal
2/29/2020,141,San Marcos
2/28/2020,878.44,J27
2/28/2020,672.85,J17
2/28/2020,324,Comal
2/28/2020,142,San Marcos
2/27/2020,878.45,J27
2/27/2020,673.04,J17
2/27/2020,324,Comal
2/27/2020,142,San Marcos
2/26/2020,878.46,J27
2/26/2020,673.14,J17
2/26/2020,324,Comal
2/26/2020,143,San Marcos
2/25/2020,878.54,J27
2/25/2020,673.49,J17
2/25/2020,319,Comal
2/25/2020,144,San Marcos
2/24/2020,878.54,J27
2/24/2020,673.54,J17
2/24/2020,321,Comal
2/24/2020,145,San Marcos
2/23/2020,878.5,J27
2/23/2020,673.8,J17
2/23/2020,323,Comal
2/23/2020,145,San Marcos
2/22/2020,878.5,J27
2/22/2020,673.71,J17
2/22/2020,325,Comal
2/22/2020,146,San Marcos
2/21/2020,878.47,J27
2/21/2020,673.53,J17
2/21/2020,325,Comal
2/21/2020,148,San Marcos
2/20/2020,878.51,J27
2/20/2020,673.43,J17
2/20/2020,325,Comal
2/20/2020,148,San Marcos
2/19/2020,878.5,J27
2/19/2020,673.49,J17
2/19/2020,328,Comal
2/19/2020,149,San Marcos
2/18/2020,878.51,J27
2/18/2020,673.73,J17
2/18/2020,328,Comal
2/18/2020,150,San Marcos
2/17/2020,878.56,J27
2/17/2020,673.94,J17
2/17/2020,329,Comal
2/17/2020,151,San Marcos
2/16/2020,878.54,J27
2/16/2020,673.95,J17
2/16/2020,329,Comal
2/16/2020,150,San Marcos
2/15/2020,878.54,J27
2/15/2020,673.82,J17
2/15/2020,327,Comal
2/15/2020,150,San Marcos
2/14/2020,878.52,J27
2/14/2020,673.47,J17
2/14/2020,325,Comal
2/14/2020,149,San Marcos
2/13/2020,878.54,J27
2/13/2020,673.21,J17
2/13/2020,326,Comal
2/13/2020,150,San Marcos
2/12/2020,878.66,J27
2/12/2020,672.97,J17
2/12/2020,323,Comal
2/12/2020,152,San Marcos
2/11/2020,878.65,J27
2/11/2020,672.39,J17
2/11/2020,319,Comal
2/11/2020,155,San Marcos
2/10/2020,878.67,J27
2/10/2020,672.37,J17
2/10/2020,321,Comal
2/10/2020,156,San Marcos
2/9/2020,878.7,J27
2/9/2020,672.44,J17
2/9/2020,324,Comal
2/9/2020,156,San Marcos
2/8/2020,878.69,J27
2/8/2020,672.47,J17
2/8/2020,322,Comal
2/8/2020,155,San Marcos
2/7/2020,878.72,J27
2/7/2020,672.35,J17
2/7/2020,319,Comal
2/7/2020,155,San Marcos
2/6/2020,878.71,J27
2/6/2020,672.6,J17
2/6/2020,317,Comal
2/6/2020,155,San Marcos
2/5/2020,878.73,J27
2/5/2020,672.6,J17
2/5/2020,319,Comal
2/5/2020,153,San Marcos
2/4/2020,878.74,J27
2/4/2020,672.64,J17
2/4/2020,320,Comal
2/4/2020,156,San Marcos
2/3/2020,878.77,J27
2/3/2020,672.87,J17
2/3/2020,319,Comal
2/3/2020,160,San Marcos
2/2/2020,878.75,J27
2/2/2020,672.99,J17
2/2/2020,318,Comal
2/2/2020,160,San Marcos
2/1/2020,878.72,J27
2/1/2020,672.9,J17
2/1/2020,318,Comal
2/1/2020,160,San Marcos
1/31/2020,878.78,J27
1/31/2020,673.09,J17
1/31/2020,319,Comal
1/31/2020,160,San Marcos
1/30/2020,878.8,J27
1/30/2020,673.01,J17
1/30/2020,319,Comal
1/30/2020,160,San Marcos
1/29/2020,878.81,J27
1/29/2020,673.13,J17
1/29/2020,320,Comal
1/29/2020,161,San Marcos
1/28/2020,878.88,J27
1/28/2020,672.95,J17
1/28/2020,320,Comal
1/28/2020,162,San Marcos
1/27/2020,878.9,J27
1/27/2020,673.07,J17
1/27/2020,321,Comal
1/27/2020,162,San Marcos
1/26/2020,878.89,J27
1/26/2020,673.45,J17
1/26/2020,321,Comal
1/26/2020,162,San Marcos
1/25/2020,878.89,J27
1/25/2020,673.21,J17
1/25/2020,321,Comal
1/25/2020,162,San Marcos
1/24/2020,878.86,J27
1/24/2020,672.82,J17
1/24/2020,321,Comal
1/24/2020,162,San Marcos
1/23/2020,878.92,J27
1/23/2020,672.88,J17
1/23/2020,321,Comal
1/23/2020,161,San Marcos
1/22/2020,878.92,J27
1/22/2020,672.38,J17
1/22/2020,318,Comal
1/22/2020,160,San Marcos
1/21/2020,878.85,J27
1/21/2020,672.15,J17
1/21/2020,315,Comal
1/21/2020,159,San Marcos
1/20/2020,878.82,J27
1/20/2020,672.24,J17
1/20/2020,317,Comal
1/20/2020,160,San Marcos
1/19/2020,878.84,J27
1/19/2020,672.31,J17
1/19/2020,318,Comal
1/19/2020,161,San Marcos
1/18/2020,878.9,J27
1/18/2020,672.25,J17
1/18/2020,319,Comal
1/18/2020,161,San Marcos
1/17/2020,878.89,J27
1/17/2020,671.65,J17
1/17/2020,320,Comal
1/17/2020,162,San Marcos
1/16/2020,878.86,J27
1/16/2020,671.42,J17
1/16/2020,320,Comal
1/16/2020,162,San Marcos
1/15/2020,878.88,J27
1/15/2020,671.54,J17
1/15/2020,321,Comal
1/15/2020,162,San Marcos
1/14/2020,878.88,J27
1/14/2020,671.48,J17
1/14/2020,319,Comal
1/14/2020,163,San Marcos
1/13/2020,878.88,J27
1/13/2020,671.33,J17
1/13/2020,317,Comal
1/13/2020,163,San Marcos
1/12/2020,878.89,J27
1/12/2020,671.41,J17
1/12/2020,315,Comal
1/12/2020,162,San Marcos
1/11/2020,878.9,J27
1/11/2020,670.94,J17
1/11/2020,315,Comal
1/11/2020,159,San Marcos
1/10/2020,878.97,J27
1/10/2020,670.85,J17
1/10/2020,315,Comal
1/10/2020,156,San Marcos
1/9/2020,878.94,J27
1/9/2020,670.68,J17
1/9/2020,315,Comal
1/9/2020,153,San Marcos
1/8/2020,878.92,J27
1/8/2020,670.89,J17
1/8/2020,312,Comal
1/8/2020,152,San Marcos
1/7/2020,878.92,J27
1/7/2020,671.15,J17
1/7/2020,312,Comal
1/7/2020,152,San Marcos
1/6/2020,878.95,J27
1/6/2020,671.51,J17
1/6/2020,313,Comal
1/6/2020,152,San Marcos
1/5/2020,878.95,J27
1/5/2020,671.6,J17
1/5/2020,313,Comal
1/5/2020,152,San Marcos
1/4/2020,878.94,J27
1/4/2020,671.62,J17
1/4/2020,312,Comal
1/4/2020,152,San Marcos
1/3/2020,879.02,J27
1/3/2020,671.77,J17
1/3/2020,312,Comal
1/3/2020,153,San Marcos
1/2/2020,879.06,J27
1/2/2020,672.08,J17
1/2/2020,312,Comal
1/2/2020,154,San Marcos
1/1/2020,879.04,J27
1/1/2020,671.91,J17
1/1/2020,312,Comal
1/1/2020,155,San Marcos
